url_gcp,image_id,sequence_id,location_id,frame_num,common_name,datetime,class_number,subset
https://storage.googleapis.com/public-datasets-lila/wcs-unzipped/animals/0036/0353.jpg,WCS Camera Traps : d432b35c-92d4-11e9-8a91-000d3a74c7de,WCS Camera Traps : idn-002-d0111-7,WCS Camera Traps : 550,1,tiger,10-25-1999 16:51:00,1,test2
https://storage.googleapis.com/public-datasets-lila/wcs-unzipped/animals/0325/0406.jpg,WCS Camera Traps : 3dd3a6b1-92d5-11e9-ab75-000d3a74c7de,WCS Camera Traps : idn-001-d0263-8,WCS Camera Traps : 1705,1,tiger,10-25-1998 16:20:00,1,test2
https://storage.googleapis.com/public-datasets-lila/wcs-unzipped/animals/0325/0407.jpg,WCS Camera Traps : 3dd3a6b3-92d5-11e9-9565-000d3a74c7de,WCS Camera Traps : idn-001-d0263-9,WCS Camera Traps : 1705,1,tiger,10-27-1998 15:24:00,1,test2
https://storage.googleapis.com/public-datasets-lila/wcs-unzipped/animals/0325/0515.jpg,WCS Camera Traps : 3dd861a3-92d5-11e9-99bc-000d3a74c7de,WCS Camera Traps : idn-001-d0256-18,WCS Camera Traps : 1709,1,tiger,10-24-1998 14:42:00,1,test2
https://storage.googleapis.com/public-datasets-lila/wcs-unzipped/animals/0325/0776.jpg,WCS Camera Traps : 3de42151-92d5-11e9-8020-000d3a74c7de,WCS Camera Traps : idn-001-d0150-19,WCS Camera Traps : 1729,1,tiger,11-20-1998 07:40:00,1,test2
https://storage.googleapis.com/public-datasets-lila/wcs-unzipped/animals/0325/1183.jpg,WCS Camera Traps : 3df64a29-92d5-11e9-b9e4-000d3a74c7de,WCS Camera Traps : idn-001-d0236-15,WCS Camera Traps : 1750,1,tiger,02-04-1999 05:24:00,1,test2
https://storage.googleapis.com/public-datasets-lila/wcs-unzipped/animals/0325/1224.jpg,WCS Camera Traps : 3df81ede-92d5-11e9-a89d-000d3a74c7de,WCS Camera Traps : idn-001-d0210-8,WCS Camera Traps : 1754,1,tiger,01-25-1999 00:00:00,1,test2
https://storage.googleapis.com/public-datasets-lila/wcs-unzipped/animals/0325/1348.jpg,WCS Camera Traps : 3dfdeb5e-92d5-11e9-a83a-000d3a74c7de,WCS Camera Traps : idn-001-d0232-25,WCS Camera Traps : 1754,1,tiger,01-25-1999 17:30:00,1,test2
https://storage.googleapis.com/public-datasets-lila/wcs-unzipped/animals/0325/1354.jpg,WCS Camera Traps : 3dfe3917-92d5-11e9-b184-000d3a74c7de,WCS Camera Traps : idn-001-d0232-30,WCS Camera Traps : 1754,1,tiger,01-29-1999 11:00:00,1,test2
https://storage.googleapis.com/public-datasets-lila/wcs-unzipped/animals/0325/1355.jpg,WCS Camera Traps : 3dfe3919-92d5-11e9-910a-000d3a74c7de,WCS Camera Traps : idn-001-d0232-31,WCS Camera Traps : 1754,1,tiger,01-29-1999 11:03:00,1,test2
https://storage.googleapis.com/public-datasets-lila/wcs-unzipped/animals/0325/1557.jpg,WCS Camera Traps : 3e07399a-92d5-11e9-8766-000d3a74c7de,WCS Camera Traps : idn-001-d0090-3,WCS Camera Traps : 1789,1,tiger,03-05-1999 10:45:00,1,test2
https://storage.googleapis.com/public-datasets-lila/wcs-unzipped/animals/0325/1558.jpg,WCS Camera Traps : 3e07399c-92d5-11e9-9669-000d3a74c7de,WCS Camera Traps : idn-001-d0090-3,WCS Camera Traps : 1789,2,tiger,03-05-1999 10:46:00,1,test2
https://storage.googleapis.com/public-datasets-lila/wcs-unzipped/animals/0325/1586.jpg,WCS Camera Traps : 3e087228-92d5-11e9-9efa-000d3a74c7de,WCS Camera Traps : idn-001-d0071-7,WCS Camera Traps : 1789,1,tiger,03-05-1999 10:44:00,1,test2
https://storage.googleapis.com/public-datasets-lila/wcs-unzipped/animals/0325/1937.jpg,WCS Camera Traps : 3e1850b3-92d5-11e9-8eae-000d3a74c7de,WCS Camera Traps : idn-001-d0159-4,WCS Camera Traps : 1815,1,tiger,08-26-1999 13:12:00,1,test2
https://storage.googleapis.com/public-datasets-lila/wcs-unzipped/animals/0326/0176.jpg,WCS Camera Traps : 3e239bd8-92d5-11e9-ac42-000d3a74c7de,WCS Camera Traps : idn-001-d0151-1,WCS Camera Traps : 1829,2,tiger,,1,test2
https://storage.googleapis.com/public-datasets-lila/wcs-unzipped/animals/0326/0690.jpg,WCS Camera Traps : 3e3af405-92d5-11e9-9be7-000d3a74c7de,WCS Camera Traps : idn-001-d0050-5,WCS Camera Traps : 1862,1,tiger,01-10-2000 06:14:00,1,test2
https://storage.googleapis.com/public-datasets-lila/wcs-unzipped/animals/0326/0930.jpg,WCS Camera Traps : 3e457b3a-92d5-11e9-b6e6-000d3a74c7de,WCS Camera Traps : idn-001-d0103-4,WCS Camera Traps : 1885,1,tiger,02-29-2000 18:46:00,1,test2
https://storage.googleapis.com/public-datasets-lila/wcs-unzipped/animals/0326/1079.jpg,WCS Camera Traps : 3e4c800a-92d5-11e9-ba9d-000d3a74c7de,WCS Camera Traps : idn-001-d0115-16,WCS Camera Traps : 1891,1,tiger,03-24-2000 15:10:00,1,test2
https://storage.googleapis.com/public-datasets-lila/wcs-unzipped/animals/0326/1093.jpg,WCS Camera Traps : 3e4d1c4b-92d5-11e9-a053-000d3a74c7de,WCS Camera Traps : idn-001-d0118-5,WCS Camera Traps : 1893,1,tiger,03-14-2000 14:25:00,1,test2
https://storage.googleapis.com/public-datasets-lila/wcs-unzipped/animals/0326/1095.jpg,WCS Camera Traps : 3e4d4352-92d5-11e9-92bf-000d3a74c7de,WCS Camera Traps : idn-001-d0118-7,WCS Camera Traps : 1893,1,tiger,03-19-2000 13:18:00,1,test2
https://storage.googleapis.com/public-datasets-lila/wcs-unzipped/animals/0326/1098.jpg,WCS Camera Traps : 3e4d6a62-92d5-11e9-811f-000d3a74c7de,WCS Camera Traps : idn-001-d0118-10,WCS Camera Traps : 1893,1,tiger,03-24-2000 12:40:00,1,test2
https://storage.googleapis.com/public-datasets-lila/wcs-unzipped/animals/0326/1237.jpg,WCS Camera Traps : 3e53ac20-92d5-11e9-8c07-000d3a74c7de,WCS Camera Traps : idn-001-d0041-3,WCS Camera Traps : 1905,1,tiger,05-05-2000 09:17:00,1,test2
https://storage.googleapis.com/public-datasets-lila/wcs-unzipped/animals/0326/1541.jpg,WCS Camera Traps : 3e61b602-92d5-11e9-a24a-000d3a74c7de,WCS Camera Traps : idn-001-d0374-4,WCS Camera Traps : 1932,1,tiger,10-21-2000 22:31:00,1,test2
https://storage.googleapis.com/public-datasets-lila/wcs-unzipped/animals/0326/1771.jpg,WCS Camera Traps : 3e6c8bae-92d5-11e9-adda-000d3a74c7de,WCS Camera Traps : idn-001-d0318-5,WCS Camera Traps : 1940,1,tiger,10-23-2000 15:13:00,1,test2
https://storage.googleapis.com/public-datasets-lila/wcs-unzipped/animals/0327/0373.jpg,WCS Camera Traps : 3e88298b-92d5-11e9-ac32-000d3a74c7de,WCS Camera Traps : idn-001-d0326-7,WCS Camera Traps : 1966,2,tiger,12-16-2000 09:00:00,1,test2
https://storage.googleapis.com/public-datasets-lila/wcs-unzipped/animals/0327/1017.jpg,WCS Camera Traps : 3ea48b8a-92d5-11e9-a68f-000d3a74c7de,WCS Camera Traps : idn-001-d0524-10,WCS Camera Traps : 2001,1,tiger,04-24-2001 13:13:00,1,test2
https://storage.googleapis.com/public-datasets-lila/wcs-unzipped/animals/0327/1116.jpg,WCS Camera Traps : 3ea9464d-92d5-11e9-b35d-000d3a74c7de,WCS Camera Traps : idn-001-d0532-7,WCS Camera Traps : 2008,1,tiger,05-02-2001 13:20:00,1,test2
https://storage.googleapis.com/public-datasets-lila/wcs-unzipped/animals/0327/1743.jpg,WCS Camera Traps : 3ec5a7fc-92d5-11e9-856b-000d3a74c7de,WCS Camera Traps : idn-001-d0308-4,WCS Camera Traps : 2059,1,tiger,08-24-2001 06:36:00,1,test2
https://storage.googleapis.com/public-datasets-lila/wcs-unzipped/animals/0327/1960.jpg,WCS Camera Traps : 3ed007f8-92d5-11e9-9008-000d3a74c7de,WCS Camera Traps : idn-001-d0459-2,WCS Camera Traps : 2071,1,tiger,01-15-2002 05:34:00,1,test2
https://storage.googleapis.com/public-datasets-lila/wcs-unzipped/animals/0328/1191.jpg,WCS Camera Traps : 3f0967f2-92d5-11e9-85e6-000d3a74c7de,WCS Camera Traps : idn-001-d0688-2,WCS Camera Traps : 2159,1,tiger,09-04-2002 11:32:00,1,test2
https://storage.googleapis.com/public-datasets-lila/wcs-unzipped/animals/0328/1195.jpg,WCS Camera Traps : 3f098f14-92d5-11e9-8fa8-000d3a74c7de,WCS Camera Traps : idn-001-d0688-6,WCS Camera Traps : 2159,1,tiger,09-13-2002 08:40:00,1,test2
https://storage.googleapis.com/public-datasets-lila/wcs-unzipped/animals/0328/1201.jpg,WCS Camera Traps : 3f09dcb1-92d5-11e9-895d-000d3a74c7de,WCS Camera Traps : idn-001-d0688-12,WCS Camera Traps : 2159,1,tiger,09-22-2002 23:32:00,1,test2
https://storage.googleapis.com/public-datasets-lila/wcs-unzipped/animals/0328/1232.jpg,WCS Camera Traps : 3f0b3c42-92d5-11e9-8c81-000d3a74c7de,WCS Camera Traps : idn-001-d0706-23,WCS Camera Traps : 2161,1,tiger,09-22-2002 23:38:00,1,test2
https://storage.googleapis.com/public-datasets-lila/wcs-unzipped/animals/0328/1529.jpg,WCS Camera Traps : 3f18aa04-92d5-11e9-a66c-000d3a74c7de,WCS Camera Traps : idn-001-d0649-3,WCS Camera Traps : 2187,1,tiger,12-05-2002 17:37:00,1,test2
https://storage.googleapis.com/public-datasets-lila/wcs-unzipped/animals/0328/1661.jpg,WCS Camera Traps : 3f1e760e-92d5-11e9-921b-000d3a74c7de,WCS Camera Traps : idn-001-d0561-2,WCS Camera Traps : 2211,1,tiger,01-09-2003 13:45:00,1,test2
https://storage.googleapis.com/public-datasets-lila/wcs-unzipped/animals/0328/1666.jpg,WCS Camera Traps : 3f1e9d1f-92d5-11e9-aa3d-000d3a74c7de,WCS Camera Traps : idn-001-d0572-4,WCS Camera Traps : 2212,1,tiger,01-10-2003 11:24:00,1,test2
https://storage.googleapis.com/public-datasets-lila/wcs-unzipped/animals/0328/1683.jpg,WCS Camera Traps : 3f1f6096-92d5-11e9-8acd-000d3a74c7de,WCS Camera Traps : idn-001-d0598-6,WCS Camera Traps : 2215,1,tiger,02-24-2003 06:02:00,1,test2
https://storage.googleapis.com/public-datasets-lila/wcs-unzipped/animals/0328/1721.jpg,WCS Camera Traps : 3f210e31-92d5-11e9-a914-000d3a74c7de,WCS Camera Traps : idn-001-d0604-2,WCS Camera Traps : 2224,1,tiger,02-24-2003 08:13:00,1,test2
https://storage.googleapis.com/public-datasets-lila/wcs-unzipped/animals/0328/1726.jpg,WCS Camera Traps : 3f215c67-92d5-11e9-93c9-000d3a74c7de,WCS Camera Traps : idn-001-d0595-2,WCS Camera Traps : 2225,1,tiger,03-11-2003 21:28:00,1,test2
https://storage.googleapis.com/public-datasets-lila/wcs-unzipped/animals/0328/1969.jpg,WCS Camera Traps : 3f2e7be6-92d5-11e9-b549-000d3a74c7de,WCS Camera Traps : idn-001-d0587-3,WCS Camera Traps : 2247,1,tiger,06-03-2003 10:04:00,1,test2
https://storage.googleapis.com/public-datasets-lila/wcs-unzipped/animals/0328/1972.jpg,WCS Camera Traps : 3f2ea36f-92d5-11e9-8635-000d3a74c7de,WCS Camera Traps : idn-001-d0592-7,WCS Camera Traps : 2248,1,tiger,06-03-2003 10:14:00,1,test2
https://storage.googleapis.com/public-datasets-lila/wcs-unzipped/animals/0329/0030.jpg,WCS Camera Traps : 3f3113d2-92d5-11e9-96db-000d3a74c7de,WCS Camera Traps : idn-001-d0591-6,WCS Camera Traps : 2253,1,tiger,06-03-2003 08:17:00,1,test2
https://storage.googleapis.com/public-datasets-lila/wcs-unzipped/animals/0329/0397.jpg,WCS Camera Traps : 3f429fee-92d5-11e9-a4ee-000d3a74c7de,WCS Camera Traps : idn-001-d0809-4,WCS Camera Traps : 2278,1,tiger,07-05-2003 08:58:00,1,test2
https://storage.googleapis.com/public-datasets-lila/wcs-unzipped/animals/0329/0425.jpg,WCS Camera Traps : 3f43ff95-92d5-11e9-83a5-000d3a74c7de,WCS Camera Traps : idn-001-d0862-6,WCS Camera Traps : 2289,1,tiger,08-15-2003 23:21:00,1,test2
https://storage.googleapis.com/public-datasets-lila/wcs-unzipped/animals/0329/1270.jpg,WCS Camera Traps : 3f6ae88c-92d5-11e9-97f3-000d3a74c7de,WCS Camera Traps : idn-001-d0714-10,WCS Camera Traps : 2363,1,tiger,04-12-2004 18:22:00,1,test2
https://storage.googleapis.com/public-datasets-lila/wcs-unzipped/animals/0329/1283.jpg,WCS Camera Traps : 3f6b5dab-92d5-11e9-ae3d-000d3a74c7de,WCS Camera Traps : idn-001-d0712-8,WCS Camera Traps : 2364,1,tiger,04-12-2004 12:16:00,1,test2
https://storage.googleapis.com/public-datasets-lila/wcs-unzipped/animals/0329/1284.jpg,WCS Camera Traps : 3f6b84d2-92d5-11e9-9cf6-000d3a74c7de,WCS Camera Traps : idn-001-d0712-9,WCS Camera Traps : 2364,1,tiger,04-12-2004 16:21:00,1,test2
https://storage.googleapis.com/public-datasets-lila/wcs-unzipped/animals/0329/1285.jpg,WCS Camera Traps : 3f6b84d4-92d5-11e9-8878-000d3a74c7de,WCS Camera Traps : idn-001-d0712-10,WCS Camera Traps : 2364,1,tiger,04-12-2004 16:27:00,1,test2
https://storage.googleapis.com/public-datasets-lila/wcs-unzipped/animals/0329/1286.jpg,WCS Camera Traps : 3f6b84d6-92d5-11e9-b11a-000d3a74c7de,WCS Camera Traps : idn-001-d0712-11,WCS Camera Traps : 2364,1,tiger,04-12-2004 16:29:00,1,test2
https://storage.googleapis.com/public-datasets-lila/wcs-unzipped/animals/0329/1287.jpg,WCS Camera Traps : 3f6b84d8-92d5-11e9-868b-000d3a74c7de,WCS Camera Traps : idn-001-d0712-12,WCS Camera Traps : 2364,1,tiger,04-12-2004 16:32:00,1,test2
https://storage.googleapis.com/public-datasets-lila/wcs-unzipped/animals/0329/1723.jpg,WCS Camera Traps : 3f7f0d10-92d5-11e9-b726-000d3a74c7de,WCS Camera Traps : idn-001-d0729-1,WCS Camera Traps : 2396,2,tiger,08-11-2004 00:00:00,1,test2
https://storage.googleapis.com/public-datasets-lila/wcs-unzipped/animals/0329/1749.jpg,WCS Camera Traps : 3f80bb08-92d5-11e9-a1d9-000d3a74c7de,WCS Camera Traps : idn-001-d0740-2,WCS Camera Traps : 2399,1,tiger,08-12-2004 06:23:00,1,test2
https://storage.googleapis.com/public-datasets-lila/wcs-unzipped/animals/0329/1863.jpg,WCS Camera Traps : 3f85ead8-92d5-11e9-9ad9-000d3a74c7de,WCS Camera Traps : idn-001-d0733-2,WCS Camera Traps : 2409,1,tiger,08-26-2004 06:32:00,1,test2
https://storage.googleapis.com/public-datasets-lila/wcs-unzipped/animals/0330/0118.jpg,WCS Camera Traps : 3f91835c-92d5-11e9-9b59-000d3a74c7de,WCS Camera Traps : idn-001-d0981-2,WCS Camera Traps : 2425,1,tiger,09-24-2004 10:10:00,1,test2
https://storage.googleapis.com/public-datasets-lila/wcs-unzipped/animals/0330/0317.jpg,WCS Camera Traps : 3f9a5d9c-92d5-11e9-b199-000d3a74c7de,WCS Camera Traps : idn-001-d1050-8,WCS Camera Traps : 2437,1,tiger,11-23-2004 10:14:00,1,test2
https://storage.googleapis.com/public-datasets-lila/wcs-unzipped/animals/0330/1169.jpg,WCS Camera Traps : 3fc1bb1c-92d5-11e9-bfd8-000d3a74c7de,WCS Camera Traps : idn-001-d0970-4,WCS Camera Traps : 2535,1,tiger,04-18-2006 10:24:00,1,test2
https://storage.googleapis.com/public-datasets-lila/wcs-unzipped/animals/0399/1924.jpg,WCS Camera Traps : 58ed48b0-92d5-11e9-950b-000d3a74c7de,WCS Camera Traps : idn-003-d0005-18,WCS Camera Traps : 2839,1,tiger,04-02-2010 13:26:34,1,test2
https://storage.googleapis.com/public-datasets-lila/wcs-unzipped/animals/0399/1925.jpg,WCS Camera Traps : 58ed48b2-92d5-11e9-bdb6-000d3a74c7de,WCS Camera Traps : idn-003-d0005-18,WCS Camera Traps : 2839,2,tiger,04-02-2010 13:26:39,1,test2
https://storage.googleapis.com/public-datasets-lila/wcs-unzipped/animals/0399/1926.jpg,WCS Camera Traps : 58ed48b4-92d5-11e9-a59b-000d3a74c7de,WCS Camera Traps : idn-003-d0005-18,WCS Camera Traps : 2839,3,tiger,04-02-2010 13:26:46,1,test2
https://storage.googleapis.com/public-datasets-lila/wcs-unzipped/animals/0399/1998.jpg,WCS Camera Traps : 58f07cfb-92d5-11e9-83d4-000d3a74c7de,WCS Camera Traps : idn-003-d0006-25,WCS Camera Traps : 2839,1,tiger,04-02-2010 13:21:34,1,test2
https://storage.googleapis.com/public-datasets-lila/wcs-unzipped/animals/0399/1999.jpg,WCS Camera Traps : 58f07cfd-92d5-11e9-ba75-000d3a74c7de,WCS Camera Traps : idn-003-d0006-25,WCS Camera Traps : 2839,2,tiger,04-02-2010 13:21:39,1,test2
https://storage.googleapis.com/public-datasets-lila/wcs-unzipped/animals/0400/0000.jpg,WCS Camera Traps : 58f07cff-92d5-11e9-9924-000d3a74c7de,WCS Camera Traps : idn-003-d0006-25,WCS Camera Traps : 2839,3,tiger,04-02-2010 13:21:44,1,test2
https://storage.googleapis.com/public-datasets-lila/wcs-unzipped/animals/0400/0223.jpg,WCS Camera Traps : 58fb2b62-92d5-11e9-a5dc-000d3a74c7de,WCS Camera Traps : idn-003-d0007-55,WCS Camera Traps : 2840,1,tiger,03-24-2010 08:38:15,1,test2
https://storage.googleapis.com/public-datasets-lila/wcs-unzipped/animals/0400/0224.jpg,WCS Camera Traps : 58fb5275-92d5-11e9-9c84-000d3a74c7de,WCS Camera Traps : idn-003-d0007-55,WCS Camera Traps : 2840,2,tiger,03-24-2010 08:38:21,1,test2
https://storage.googleapis.com/public-datasets-lila/wcs-unzipped/animals/0400/0225.jpg,WCS Camera Traps : 58fb5277-92d5-11e9-8265-000d3a74c7de,WCS Camera Traps : idn-003-d0007-55,WCS Camera Traps : 2840,3,tiger,03-24-2010 08:38:26,1,test2
https://storage.googleapis.com/public-datasets-lila/wcs-unzipped/animals/0400/0226.jpg,WCS Camera Traps : 58fb5279-92d5-11e9-862a-000d3a74c7de,WCS Camera Traps : idn-003-d0007-55,WCS Camera Traps : 2840,4,tiger,03-24-2010 08:38:51,1,test2
https://storage.googleapis.com/public-datasets-lila/wcs-unzipped/animals/0400/0227.jpg,WCS Camera Traps : 58fb797a-92d5-11e9-9fbd-000d3a74c7de,WCS Camera Traps : idn-003-d0007-55,WCS Camera Traps : 2840,5,tiger,03-24-2010 08:38:55,1,test2
https://storage.googleapis.com/public-datasets-lila/wcs-unzipped/animals/0400/0228.jpg,WCS Camera Traps : 58fb797c-92d5-11e9-aa80-000d3a74c7de,WCS Camera Traps : idn-003-d0007-55,WCS Camera Traps : 2840,6,tiger,03-24-2010 08:39:00,1,test2
https://storage.googleapis.com/public-datasets-lila/wcs-unzipped/animals/0400/0377.jpg,WCS Camera Traps : 5902093a-92d5-11e9-8cbd-000d3a74c7de,WCS Camera Traps : idn-003-d0008-40,WCS Camera Traps : 2840,1,tiger,03-24-2010 08:39:43,1,test2
https://storage.googleapis.com/public-datasets-lila/wcs-unzipped/animals/0400/0378.jpg,WCS Camera Traps : 5902093c-92d5-11e9-80af-000d3a74c7de,WCS Camera Traps : idn-003-d0008-40,WCS Camera Traps : 2840,2,tiger,03-24-2010 08:39:48,1,test2
https://storage.googleapis.com/public-datasets-lila/wcs-unzipped/animals/0400/0379.jpg,WCS Camera Traps : 5902093e-92d5-11e9-8365-000d3a74c7de,WCS Camera Traps : idn-003-d0008-40,WCS Camera Traps : 2840,3,tiger,03-24-2010 08:39:53,1,test2
https://storage.googleapis.com/public-datasets-lila/wcs-unzipped/animals/0400/0380.jpg,WCS Camera Traps : 5902304b-92d5-11e9-bbda-000d3a74c7de,WCS Camera Traps : idn-003-d0008-40,WCS Camera Traps : 2840,5,tiger,03-24-2010 08:40:20,1,test2
https://storage.googleapis.com/public-datasets-lila/wcs-unzipped/animals/0400/0758.jpg,WCS Camera Traps : 5912f8a8-92d5-11e9-b2a5-000d3a74c7de,WCS Camera Traps : idn-003-d0009-39,WCS Camera Traps : 2841,1,tiger,04-03-2010 18:10:19,1,test2
https://storage.googleapis.com/public-datasets-lila/wcs-unzipped/animals/0400/0759.jpg,WCS Camera Traps : 59131fb7-92d5-11e9-91b2-000d3a74c7de,WCS Camera Traps : idn-003-d0009-39,WCS Camera Traps : 2841,2,tiger,04-03-2010 18:10:23,1,test2
https://storage.googleapis.com/public-datasets-lila/wcs-unzipped/animals/0400/0760.jpg,WCS Camera Traps : 59131fb9-92d5-11e9-ba26-000d3a74c7de,WCS Camera Traps : idn-003-d0009-39,WCS Camera Traps : 2841,3,tiger,04-03-2010 18:10:28,1,test2
https://storage.googleapis.com/public-datasets-lila/wcs-unzipped/animals/0400/0837.jpg,WCS Camera Traps : 59171752-92d5-11e9-8be6-000d3a74c7de,WCS Camera Traps : idn-003-d0010-20,WCS Camera Traps : 2841,1,tiger,04-03-2010 18:12:58,1,test2
https://storage.googleapis.com/public-datasets-lila/wcs-unzipped/animals/0400/0838.jpg,WCS Camera Traps : 59171754-92d5-11e9-ae8e-000d3a74c7de,WCS Camera Traps : idn-003-d0010-20,WCS Camera Traps : 2841,2,tiger,04-03-2010 18:13:01,1,test2
https://storage.googleapis.com/public-datasets-lila/wcs-unzipped/animals/0400/0839.jpg,WCS Camera Traps : 59171756-92d5-11e9-bd15-000d3a74c7de,WCS Camera Traps : idn-003-d0010-20,WCS Camera Traps : 2841,3,tiger,04-03-2010 18:13:04,1,test2
https://storage.googleapis.com/public-datasets-lila/wcs-unzipped/animals/0400/0924.jpg,WCS Camera Traps : 591ae7e8-92d5-11e9-b28b-000d3a74c7de,WCS Camera Traps : idn-003-d0011-29,WCS Camera Traps : 2842,1,tiger,04-16-2010 13:10:56,1,test2
https://storage.googleapis.com/public-datasets-lila/wcs-unzipped/animals/0400/0925.jpg,WCS Camera Traps : 591b0ef7-92d5-11e9-b2c7-000d3a74c7de,WCS Camera Traps : idn-003-d0011-29,WCS Camera Traps : 2842,2,tiger,04-16-2010 13:10:59,1,test2
https://storage.googleapis.com/public-datasets-lila/wcs-unzipped/animals/0400/0926.jpg,WCS Camera Traps : 591b0ef9-92d5-11e9-9d4f-000d3a74c7de,WCS Camera Traps : idn-003-d0011-29,WCS Camera Traps : 2842,3,tiger,04-16-2010 13:11:01,1,test2
https://storage.googleapis.com/public-datasets-lila/wcs-unzipped/animals/0400/1161.jpg,WCS Camera Traps : 59254824-92d5-11e9-9363-000d3a74c7de,WCS Camera Traps : idn-003-d0012-94,WCS Camera Traps : 2842,1,tiger,04-16-2010 13:10:47,1,test2
https://storage.googleapis.com/public-datasets-lila/wcs-unzipped/animals/0400/1162.jpg,WCS Camera Traps : 59256f2c-92d5-11e9-92fa-000d3a74c7de,WCS Camera Traps : idn-003-d0012-94,WCS Camera Traps : 2842,2,tiger,04-16-2010 13:10:52,1,test2
https://storage.googleapis.com/public-datasets-lila/wcs-unzipped/animals/0400/1163.jpg,WCS Camera Traps : 59256f2e-92d5-11e9-8075-000d3a74c7de,WCS Camera Traps : idn-003-d0012-94,WCS Camera Traps : 2842,3,tiger,04-16-2010 13:10:55,1,test2
https://storage.googleapis.com/public-datasets-lila/wcs-unzipped/animals/0400/1416.jpg,WCS Camera Traps : 593107f6-92d5-11e9-8cf5-000d3a74c7de,WCS Camera Traps : idn-003-d0019-7,WCS Camera Traps : 2846,1,tiger,03-27-2010 19:02:46,1,test2
https://storage.googleapis.com/public-datasets-lila/wcs-unzipped/animals/0400/1552.jpg,WCS Camera Traps : 593797a6-92d5-11e9-856b-000d3a74c7de,WCS Camera Traps : idn-003-d0021-18,WCS Camera Traps : 2847,1,tiger,04-07-2010 08:27:06,1,test2
https://storage.googleapis.com/public-datasets-lila/wcs-unzipped/animals/0400/1553.jpg,WCS Camera Traps : 593797a8-92d5-11e9-907f-000d3a74c7de,WCS Camera Traps : idn-003-d0021-18,WCS Camera Traps : 2847,2,tiger,04-07-2010 08:27:13,1,test2
https://storage.googleapis.com/public-datasets-lila/wcs-unzipped/animals/0400/1554.jpg,WCS Camera Traps : 593797aa-92d5-11e9-8b16-000d3a74c7de,WCS Camera Traps : idn-003-d0021-18,WCS Camera Traps : 2847,3,tiger,04-07-2010 08:27:19,1,test2
https://storage.googleapis.com/public-datasets-lila/wcs-unzipped/animals/0400/1555.jpg,WCS Camera Traps : 5937beb1-92d5-11e9-98fd-000d3a74c7de,WCS Camera Traps : idn-003-d0021-19,WCS Camera Traps : 2847,1,tiger,04-09-2010 16:44:03,1,test2
https://storage.googleapis.com/public-datasets-lila/wcs-unzipped/animals/0400/1556.jpg,WCS Camera Traps : 5937beb3-92d5-11e9-8737-000d3a74c7de,WCS Camera Traps : idn-003-d0021-19,WCS Camera Traps : 2847,2,tiger,04-09-2010 16:44:27,1,test2
https://storage.googleapis.com/public-datasets-lila/wcs-unzipped/animals/0400/1557.jpg,WCS Camera Traps : 5937beb5-92d5-11e9-b607-000d3a74c7de,WCS Camera Traps : idn-003-d0021-19,WCS Camera Traps : 2847,3,tiger,04-09-2010 16:44:47,1,test2
https://storage.googleapis.com/public-datasets-lila/wcs-unzipped/animals/0400/1558.jpg,WCS Camera Traps : 5937e5c2-92d5-11e9-9ab8-000d3a74c7de,WCS Camera Traps : idn-003-d0021-19,WCS Camera Traps : 2847,4,tiger,04-09-2010 16:45:05,1,test2
https://storage.googleapis.com/public-datasets-lila/wcs-unzipped/animals/0400/1559.jpg,WCS Camera Traps : 5937e5c4-92d5-11e9-8843-000d3a74c7de,WCS Camera Traps : idn-003-d0021-19,WCS Camera Traps : 2847,5,tiger,04-09-2010 16:45:34,1,test2
https://storage.googleapis.com/public-datasets-lila/wcs-unzipped/animals/0400/1560.jpg,WCS Camera Traps : 5937e5c6-92d5-11e9-b911-000d3a74c7de,WCS Camera Traps : idn-003-d0021-19,WCS Camera Traps : 2847,6,tiger,04-09-2010 16:46:33,1,test2
https://storage.googleapis.com/public-datasets-lila/wcs-unzipped/animals/0400/1568.jpg,WCS Camera Traps : 593833ec-92d5-11e9-9be2-000d3a74c7de,WCS Camera Traps : idn-003-d0021-25,WCS Camera Traps : 2847,1,tiger,04-29-2010 16:27:43,1,test2
https://storage.googleapis.com/public-datasets-lila/wcs-unzipped/animals/0400/1569.jpg,WCS Camera Traps : 59385afa-92d5-11e9-b831-000d3a74c7de,WCS Camera Traps : idn-003-d0021-26,WCS Camera Traps : 2847,1,tiger,04-30-2010 05:48:38,1,test2
https://storage.googleapis.com/public-datasets-lila/wcs-unzipped/animals/0400/1570.jpg,WCS Camera Traps : 59385afc-92d5-11e9-b522-000d3a74c7de,WCS Camera Traps : idn-003-d0021-26,WCS Camera Traps : 2847,2,tiger,04-30-2010 05:48:59,1,test2
https://storage.googleapis.com/public-datasets-lila/wcs-unzipped/animals/0400/1601.jpg,WCS Camera Traps : 5939ba87-92d5-11e9-b094-000d3a74c7de,WCS Camera Traps : idn-003-d0022-16,WCS Camera Traps : 2847,1,tiger,04-07-2010 08:23:20,1,test2
https://storage.googleapis.com/public-datasets-lila/wcs-unzipped/animals/0400/1602.jpg,WCS Camera Traps : 5939ba89-92d5-11e9-b38c-000d3a74c7de,WCS Camera Traps : idn-003-d0022-16,WCS Camera Traps : 2847,2,tiger,04-07-2010 08:23:25,1,test2
https://storage.googleapis.com/public-datasets-lila/wcs-unzipped/animals/0400/1603.jpg,WCS Camera Traps : 5939ba8b-92d5-11e9-bf0a-000d3a74c7de,WCS Camera Traps : idn-003-d0022-16,WCS Camera Traps : 2847,3,tiger,04-07-2010 08:23:31,1,test2
https://storage.googleapis.com/public-datasets-lila/wcs-unzipped/animals/0400/1607.jpg,WCS Camera Traps : 593a08a4-92d5-11e9-9d9f-000d3a74c7de,WCS Camera Traps : idn-003-d0022-18,WCS Camera Traps : 2847,1,tiger,04-09-2010 16:40:23,1,test2
https://storage.googleapis.com/public-datasets-lila/wcs-unzipped/animals/0400/1608.jpg,WCS Camera Traps : 593a08a6-92d5-11e9-924b-000d3a74c7de,WCS Camera Traps : idn-003-d0022-19,WCS Camera Traps : 2847,1,tiger,04-09-2010 16:41:27,1,test2
https://storage.googleapis.com/public-datasets-lila/wcs-unzipped/animals/0400/1609.jpg,WCS Camera Traps : 593a08a8-92d5-11e9-8a7b-000d3a74c7de,WCS Camera Traps : idn-003-d0022-19,WCS Camera Traps : 2847,2,tiger,04-09-2010 16:41:54,1,test2
https://storage.googleapis.com/public-datasets-lila/wcs-unzipped/animals/0400/1621.jpg,WCS Camera Traps : 593aa4dc-92d5-11e9-bc84-000d3a74c7de,WCS Camera Traps : idn-003-d0022-26,WCS Camera Traps : 2847,1,tiger,04-29-2010 17:40:02,1,test2
https://storage.googleapis.com/public-datasets-lila/wcs-unzipped/animals/0400/1622.jpg,WCS Camera Traps : 593aa4de-92d5-11e9-8ce6-000d3a74c7de,WCS Camera Traps : idn-003-d0022-27,WCS Camera Traps : 2847,1,tiger,04-30-2010 07:07:49,1,test2
https://storage.googleapis.com/public-datasets-lila/wcs-unzipped/animals/0400/1623.jpg,WCS Camera Traps : 593acbe8-92d5-11e9-bb07-000d3a74c7de,WCS Camera Traps : idn-003-d0022-28,WCS Camera Traps : 2847,1,tiger,04-30-2010 07:08:57,1,test2
https://storage.googleapis.com/public-datasets-lila/wcs-unzipped/animals/0401/0617.jpg,WCS Camera Traps : 5968b9c0-92d5-11e9-adfd-000d3a74c7de,WCS Camera Traps : idn-003-d0035-20,WCS Camera Traps : 2854,1,tiger,04-26-2010 10:42:58,1,test2
https://storage.googleapis.com/public-datasets-lila/wcs-unzipped/animals/0401/0618.jpg,WCS Camera Traps : 5968b9c2-92d5-11e9-85dd-000d3a74c7de,WCS Camera Traps : idn-003-d0035-20,WCS Camera Traps : 2854,2,tiger,04-26-2010 10:43:04,1,test2
https://storage.googleapis.com/public-datasets-lila/wcs-unzipped/animals/0401/0619.jpg,WCS Camera Traps : 5968e0d3-92d5-11e9-aa62-000d3a74c7de,WCS Camera Traps : idn-003-d0035-20,WCS Camera Traps : 2854,3,tiger,04-26-2010 10:43:11,1,test2
https://storage.googleapis.com/public-datasets-lila/wcs-unzipped/animals/0401/0666.jpg,WCS Camera Traps : 596b03b3-92d5-11e9-953c-000d3a74c7de,WCS Camera Traps : idn-003-d0036-18,WCS Camera Traps : 2854,1,tiger,04-26-2010 10:42:23,1,test2
https://storage.googleapis.com/public-datasets-lila/wcs-unzipped/animals/0401/0667.jpg,WCS Camera Traps : 596b2ac0-92d5-11e9-936e-000d3a74c7de,WCS Camera Traps : idn-003-d0036-18,WCS Camera Traps : 2854,2,tiger,04-26-2010 10:42:28,1,test2
https://storage.googleapis.com/public-datasets-lila/wcs-unzipped/animals/0401/0668.jpg,WCS Camera Traps : 596b2ac2-92d5-11e9-8891-000d3a74c7de,WCS Camera Traps : idn-003-d0036-18,WCS Camera Traps : 2854,3,tiger,04-26-2010 10:42:35,1,test2
https://storage.googleapis.com/public-datasets-lila/wcs-unzipped/animals/0401/0771.jpg,WCS Camera Traps : 596fe5b4-92d5-11e9-823f-000d3a74c7de,WCS Camera Traps : idn-003-d0039-6,WCS Camera Traps : 2856,1,tiger,04-24-2010 19:48:42,1,test2
https://storage.googleapis.com/public-datasets-lila/wcs-unzipped/animals/0401/0772.jpg,WCS Camera Traps : 596fe5b6-92d5-11e9-8331-000d3a74c7de,WCS Camera Traps : idn-003-d0039-6,WCS Camera Traps : 2856,2,tiger,04-24-2010 19:48:48,1,test2
https://storage.googleapis.com/public-datasets-lila/wcs-unzipped/animals/0401/0773.jpg,WCS Camera Traps : 596fe5b8-92d5-11e9-b535-000d3a74c7de,WCS Camera Traps : idn-003-d0039-6,WCS Camera Traps : 2856,3,tiger,04-24-2010 19:48:53,1,test2
https://storage.googleapis.com/public-datasets-lila/wcs-unzipped/animals/0401/0818.jpg,WCS Camera Traps : 5971e185-92d5-11e9-ab4d-000d3a74c7de,WCS Camera Traps : idn-003-d0039-25,WCS Camera Traps : 2856,1,tiger,05-12-2010 19:38:41,1,test2
https://storage.googleapis.com/public-datasets-lila/wcs-unzipped/animals/0401/0819.jpg,WCS Camera Traps : 59720892-92d5-11e9-9330-000d3a74c7de,WCS Camera Traps : idn-003-d0039-25,WCS Camera Traps : 2856,2,tiger,05-12-2010 19:38:46,1,test2
https://storage.googleapis.com/public-datasets-lila/wcs-unzipped/animals/0401/0820.jpg,WCS Camera Traps : 59720894-92d5-11e9-ac54-000d3a74c7de,WCS Camera Traps : idn-003-d0039-25,WCS Camera Traps : 2856,3,tiger,05-12-2010 19:38:50,1,test2
https://storage.googleapis.com/public-datasets-lila/wcs-unzipped/animals/0401/0857.jpg,WCS Camera Traps : 5974c7b6-92d5-11e9-8417-000d3a74c7de,WCS Camera Traps : idn-003-d0040-3,WCS Camera Traps : 2856,1,tiger,04-23-2010 19:23:04,1,test2
https://storage.googleapis.com/public-datasets-lila/wcs-unzipped/animals/0401/0858.jpg,WCS Camera Traps : 5974c7b8-92d5-11e9-95ee-000d3a74c7de,WCS Camera Traps : idn-003-d0040-3,WCS Camera Traps : 2856,2,tiger,04-23-2010 19:23:11,1,test2
https://storage.googleapis.com/public-datasets-lila/wcs-unzipped/animals/0401/0859.jpg,WCS Camera Traps : 5974c7ba-92d5-11e9-9b40-000d3a74c7de,WCS Camera Traps : idn-003-d0040-3,WCS Camera Traps : 2856,3,tiger,04-23-2010 19:23:16,1,test2
https://storage.googleapis.com/public-datasets-lila/wcs-unzipped/animals/0401/0879.jpg,WCS Camera Traps : 5975d922-92d5-11e9-86a2-000d3a74c7de,WCS Camera Traps : idn-003-d0040-12,WCS Camera Traps : 2856,1,tiger,05-11-2010 19:12:39,1,test2
https://storage.googleapis.com/public-datasets-lila/wcs-unzipped/animals/0401/0880.jpg,WCS Camera Traps : 59760034-92d5-11e9-960a-000d3a74c7de,WCS Camera Traps : idn-003-d0040-12,WCS Camera Traps : 2856,2,tiger,05-11-2010 19:12:44,1,test2
https://storage.googleapis.com/public-datasets-lila/wcs-unzipped/animals/0401/0881.jpg,WCS Camera Traps : 59760036-92d5-11e9-8293-000d3a74c7de,WCS Camera Traps : idn-003-d0040-12,WCS Camera Traps : 2856,3,tiger,05-11-2010 19:12:48,1,test2
https://storage.googleapis.com/public-datasets-lila/wcs-unzipped/animals/0401/0904.jpg,WCS Camera Traps : 5977119e-92d5-11e9-985b-000d3a74c7de,WCS Camera Traps : idn-003-d0041-7,WCS Camera Traps : 2857,1,tiger,05-11-2010 11:24:44,1,test2
https://storage.googleapis.com/public-datasets-lila/wcs-unzipped/animals/0401/0905.jpg,WCS Camera Traps : 597711a0-92d5-11e9-91bb-000d3a74c7de,WCS Camera Traps : idn-003-d0041-7,WCS Camera Traps : 2857,2,tiger,05-11-2010 11:24:50,1,test2
https://storage.googleapis.com/public-datasets-lila/wcs-unzipped/animals/0401/0906.jpg,WCS Camera Traps : 597711a2-92d5-11e9-a4e6-000d3a74c7de,WCS Camera Traps : idn-003-d0041-7,WCS Camera Traps : 2857,3,tiger,05-11-2010 11:24:54,1,test2
https://storage.googleapis.com/public-datasets-lila/wcs-unzipped/animals/0401/0907.jpg,WCS Camera Traps : 597711a4-92d5-11e9-abf5-000d3a74c7de,WCS Camera Traps : idn-003-d0041-7,WCS Camera Traps : 2857,4,tiger,05-11-2010 11:25:14,1,test2
https://storage.googleapis.com/public-datasets-lila/wcs-unzipped/animals/0401/0908.jpg,WCS Camera Traps : 597738b5-92d5-11e9-93bd-000d3a74c7de,WCS Camera Traps : idn-003-d0041-7,WCS Camera Traps : 2857,5,tiger,05-11-2010 11:25:19,1,test2
https://storage.googleapis.com/public-datasets-lila/wcs-unzipped/animals/0401/0909.jpg,WCS Camera Traps : 597738b7-92d5-11e9-88f2-000d3a74c7de,WCS Camera Traps : idn-003-d0041-7,WCS Camera Traps : 2857,6,tiger,05-11-2010 11:25:24,1,test2
https://storage.googleapis.com/public-datasets-lila/wcs-unzipped/animals/0401/0910.jpg,WCS Camera Traps : 597738b9-92d5-11e9-baff-000d3a74c7de,WCS Camera Traps : idn-003-d0041-7,WCS Camera Traps : 2857,7,tiger,05-11-2010 11:26:06,1,test2
https://storage.googleapis.com/public-datasets-lila/wcs-unzipped/animals/0401/0911.jpg,WCS Camera Traps : 59776022-92d5-11e9-ba7c-000d3a74c7de,WCS Camera Traps : idn-003-d0041-7,WCS Camera Traps : 2857,8,tiger,05-11-2010 11:26:11,1,test2
https://storage.googleapis.com/public-datasets-lila/wcs-unzipped/animals/0401/0912.jpg,WCS Camera Traps : 59776024-92d5-11e9-9def-000d3a74c7de,WCS Camera Traps : idn-003-d0041-7,WCS Camera Traps : 2857,9,tiger,05-11-2010 11:26:15,1,test2
https://storage.googleapis.com/public-datasets-lila/wcs-unzipped/animals/0401/1221.jpg,WCS Camera Traps : 59862ccf-92d5-11e9-8c53-000d3a74c7de,WCS Camera Traps : idn-003-d0045-24,WCS Camera Traps : 2860,2,tiger,04-28-2010 06:13:16,1,test2
https://storage.googleapis.com/public-datasets-lila/wcs-unzipped/animals/0401/1226.jpg,WCS Camera Traps : 59867afa-92d5-11e9-9fbf-000d3a74c7de,WCS Camera Traps : idn-003-d0045-24,WCS Camera Traps : 2860,7,tiger,04-28-2010 06:14:38,1,test2
https://storage.googleapis.com/public-datasets-lila/wcs-unzipped/animals/0401/1227.jpg,WCS Camera Traps : 59867afc-92d5-11e9-9c14-000d3a74c7de,WCS Camera Traps : idn-003-d0045-24,WCS Camera Traps : 2860,8,tiger,04-28-2010 06:14:39,1,test2
https://storage.googleapis.com/public-datasets-lila/wcs-unzipped/animals/0401/1234.jpg,WCS Camera Traps : 5986c90e-92d5-11e9-9766-000d3a74c7de,WCS Camera Traps : idn-003-d0045-24,WCS Camera Traps : 2860,15,tiger,04-28-2010 06:16:08,1,test2
https://storage.googleapis.com/public-datasets-lila/wcs-unzipped/animals/0401/1235.jpg,WCS Camera Traps : 5986f023-92d5-11e9-b9eb-000d3a74c7de,WCS Camera Traps : idn-003-d0045-24,WCS Camera Traps : 2860,16,tiger,04-28-2010 06:16:10,1,test2
https://storage.googleapis.com/public-datasets-lila/wcs-unzipped/animals/0401/1236.jpg,WCS Camera Traps : 5986f025-92d5-11e9-a262-000d3a74c7de,WCS Camera Traps : idn-003-d0045-24,WCS Camera Traps : 2860,17,tiger,04-28-2010 06:16:27,1,test2
https://storage.googleapis.com/public-datasets-lila/wcs-unzipped/animals/0403/1617.jpg,WCS Camera Traps : 5a4fbeba-92d5-11e9-923c-000d3a74c7de,WCS Camera Traps : idn-003-d0085-14,WCS Camera Traps : 2865,1,tiger,05-20-2010 14:57:16,1,test2
https://storage.googleapis.com/public-datasets-lila/wcs-unzipped/animals/0403/1618.jpg,WCS Camera Traps : 5a4fe5f5-92d5-11e9-8201-000d3a74c7de,WCS Camera Traps : idn-003-d0085-14,WCS Camera Traps : 2865,2,tiger,05-20-2010 14:57:18,1,test2
https://storage.googleapis.com/public-datasets-lila/wcs-unzipped/animals/0403/1619.jpg,WCS Camera Traps : 5a4fe5f7-92d5-11e9-ae06-000d3a74c7de,WCS Camera Traps : idn-003-d0085-14,WCS Camera Traps : 2865,3,tiger,05-20-2010 14:57:19,1,test2
https://storage.googleapis.com/public-datasets-lila/wcs-unzipped/animals/0403/1650.jpg,WCS Camera Traps : 5a51455a-92d5-11e9-9a84-000d3a74c7de,WCS Camera Traps : idn-003-d0086-13,WCS Camera Traps : 2865,1,tiger,05-20-2010 15:03:41,1,test2
https://storage.googleapis.com/public-datasets-lila/wcs-unzipped/animals/0403/1651.jpg,WCS Camera Traps : 5a51455c-92d5-11e9-918c-000d3a74c7de,WCS Camera Traps : idn-003-d0086-13,WCS Camera Traps : 2865,2,tiger,05-20-2010 15:03:45,1,test2
https://storage.googleapis.com/public-datasets-lila/wcs-unzipped/animals/0403/1652.jpg,WCS Camera Traps : 5a51455e-92d5-11e9-811b-000d3a74c7de,WCS Camera Traps : idn-003-d0086-13,WCS Camera Traps : 2865,3,tiger,05-20-2010 15:03:48,1,test2
https://storage.googleapis.com/public-datasets-lila/wcs-unzipped/animals/0404/0572.jpg,WCS Camera Traps : 5a7aa0bc-92d5-11e9-9d8e-000d3a74c7de,WCS Camera Traps : idn-003-d0101-5,WCS Camera Traps : 2871,1,tiger,06-06-2010 13:24:04,1,test2
https://storage.googleapis.com/public-datasets-lila/wcs-unzipped/animals/0404/0573.jpg,WCS Camera Traps : 5a7ac7ba-92d5-11e9-8244-000d3a74c7de,WCS Camera Traps : idn-003-d0101-5,WCS Camera Traps : 2871,2,tiger,06-06-2010 13:24:06,1,test2
https://storage.googleapis.com/public-datasets-lila/wcs-unzipped/animals/0404/0574.jpg,WCS Camera Traps : 5a7ac7bc-92d5-11e9-9298-000d3a74c7de,WCS Camera Traps : idn-003-d0101-5,WCS Camera Traps : 2871,3,tiger,06-06-2010 13:24:10,1,test2
https://storage.googleapis.com/public-datasets-lila/wcs-unzipped/animals/0404/0575.jpg,WCS Camera Traps : 5a7ac7be-92d5-11e9-a8e9-000d3a74c7de,WCS Camera Traps : idn-003-d0101-5,WCS Camera Traps : 2871,4,tiger,06-06-2010 13:24:12,1,test2
https://storage.googleapis.com/public-datasets-lila/wcs-unzipped/animals/0404/0576.jpg,WCS Camera Traps : 5a7ac7c0-92d5-11e9-96c1-000d3a74c7de,WCS Camera Traps : idn-003-d0101-5,WCS Camera Traps : 2871,5,tiger,06-06-2010 13:24:18,1,test2
https://storage.googleapis.com/public-datasets-lila/wcs-unzipped/animals/0404/0577.jpg,WCS Camera Traps : 5a7aeecc-92d5-11e9-a873-000d3a74c7de,WCS Camera Traps : idn-003-d0101-5,WCS Camera Traps : 2871,6,tiger,06-06-2010 13:24:18,1,test2
https://storage.googleapis.com/public-datasets-lila/wcs-unzipped/animals/0404/0603.jpg,WCS Camera Traps : 5a7c7580-92d5-11e9-bd83-000d3a74c7de,WCS Camera Traps : idn-003-d0102-5,WCS Camera Traps : 2871,1,tiger,06-06-2010 13:24:26,1,test2
https://storage.googleapis.com/public-datasets-lila/wcs-unzipped/animals/0404/0604.jpg,WCS Camera Traps : 5a7c9c78-92d5-11e9-903a-000d3a74c7de,WCS Camera Traps : idn-003-d0102-5,WCS Camera Traps : 2871,2,tiger,06-06-2010 13:24:28,1,test2
https://storage.googleapis.com/public-datasets-lila/wcs-unzipped/animals/0404/0605.jpg,WCS Camera Traps : 5a7c9c7a-92d5-11e9-aeea-000d3a74c7de,WCS Camera Traps : idn-003-d0102-5,WCS Camera Traps : 2871,3,tiger,06-06-2010 13:24:40,1,test2
https://storage.googleapis.com/public-datasets-lila/wcs-unzipped/animals/0404/0606.jpg,WCS Camera Traps : 5a7c9c7c-92d5-11e9-aafa-000d3a74c7de,WCS Camera Traps : idn-003-d0102-5,WCS Camera Traps : 2871,4,tiger,06-06-2010 13:24:42,1,test2
https://storage.googleapis.com/public-datasets-lila/wcs-unzipped/animals/0404/0607.jpg,WCS Camera Traps : 5a7cc3a4-92d5-11e9-993f-000d3a74c7de,WCS Camera Traps : idn-003-d0102-5,WCS Camera Traps : 2871,5,tiger,06-06-2010 13:24:44,1,test2
https://storage.googleapis.com/public-datasets-lila/wcs-unzipped/animals/0404/0608.jpg,WCS Camera Traps : 5a7cc3a6-92d5-11e9-8187-000d3a74c7de,WCS Camera Traps : idn-003-d0102-5,WCS Camera Traps : 2871,6,tiger,06-06-2010 13:24:46,1,test2
https://storage.googleapis.com/public-datasets-lila/wcs-unzipped/animals/0405/0125.jpg,WCS Camera Traps : 5ac2cd32-92d5-11e9-a80e-000d3a74c7de,WCS Camera Traps : idn-003-d0106-2,WCS Camera Traps : 2873,1,tiger,06-24-2010 06:02:54,1,test2
https://storage.googleapis.com/public-datasets-lila/wcs-unzipped/animals/0405/0126.jpg,WCS Camera Traps : 5ac2f42e-92d5-11e9-af81-000d3a74c7de,WCS Camera Traps : idn-003-d0106-2,WCS Camera Traps : 2873,2,tiger,06-24-2010 06:02:56,1,test2
https://storage.googleapis.com/public-datasets-lila/wcs-unzipped/animals/0405/0127.jpg,WCS Camera Traps : 5ac2f430-92d5-11e9-a84c-000d3a74c7de,WCS Camera Traps : idn-003-d0106-2,WCS Camera Traps : 2873,3,tiger,06-24-2010 06:03:40,1,test2
https://storage.googleapis.com/public-datasets-lila/wcs-unzipped/animals/0405/0128.jpg,WCS Camera Traps : 5ac2f432-92d5-11e9-aa92-000d3a74c7de,WCS Camera Traps : idn-003-d0106-2,WCS Camera Traps : 2873,4,tiger,06-24-2010 06:03:42,1,test2
https://storage.googleapis.com/public-datasets-lila/wcs-unzipped/animals/0405/0129.jpg,WCS Camera Traps : 5ac2f434-92d5-11e9-b0c4-000d3a74c7de,WCS Camera Traps : idn-003-d0106-2,WCS Camera Traps : 2873,5,tiger,06-24-2010 06:03:42,1,test2
https://storage.googleapis.com/public-datasets-lila/wcs-unzipped/animals/0405/0130.jpg,WCS Camera Traps : 5ac31ab4-92d5-11e9-a5db-000d3a74c7de,WCS Camera Traps : idn-003-d0106-2,WCS Camera Traps : 2873,6,tiger,06-24-2010 06:03:44,1,test2
https://storage.googleapis.com/public-datasets-lila/wcs-unzipped/animals/0405/0131.jpg,WCS Camera Traps : 5ac31ab6-92d5-11e9-a4a9-000d3a74c7de,WCS Camera Traps : idn-003-d0106-2,WCS Camera Traps : 2873,7,tiger,06-24-2010 06:04:20,1,test2
https://storage.googleapis.com/public-datasets-lila/wcs-unzipped/animals/0405/0132.jpg,WCS Camera Traps : 5ac31ab8-92d5-11e9-a74c-000d3a74c7de,WCS Camera Traps : idn-003-d0106-2,WCS Camera Traps : 2873,8,tiger,06-24-2010 06:04:20,1,test2
https://storage.googleapis.com/public-datasets-lila/wcs-unzipped/animals/0405/0133.jpg,WCS Camera Traps : 5ac340d8-92d5-11e9-84c2-000d3a74c7de,WCS Camera Traps : idn-003-d0106-2,WCS Camera Traps : 2873,9,tiger,06-24-2010 06:04:22,1,test2
https://storage.googleapis.com/public-datasets-lila/wcs-unzipped/animals/0405/0134.jpg,WCS Camera Traps : 5ac340da-92d5-11e9-b7a2-000d3a74c7de,WCS Camera Traps : idn-003-d0106-2,WCS Camera Traps : 2873,10,tiger,06-24-2010 06:04:24,1,test2
https://storage.googleapis.com/public-datasets-lila/wcs-unzipped/animals/0405/0135.jpg,WCS Camera Traps : 5ac340dc-92d5-11e9-a99d-000d3a74c7de,WCS Camera Traps : idn-003-d0106-2,WCS Camera Traps : 2873,11,tiger,06-24-2010 06:04:32,1,test2
https://storage.googleapis.com/public-datasets-lila/wcs-unzipped/animals/0405/0138.jpg,WCS Camera Traps : 5ac367ca-92d5-11e9-848b-000d3a74c7de,WCS Camera Traps : idn-003-d0106-2,WCS Camera Traps : 2873,14,tiger,06-24-2010 06:05:02,1,test2
https://storage.googleapis.com/public-datasets-lila/wcs-unzipped/animals/0405/0304.jpg,WCS Camera Traps : 5acb3028-92d5-11e9-be2d-000d3a74c7de,WCS Camera Traps : idn-003-d0108-104,WCS Camera Traps : 2874,1,tiger,06-05-2010 04:24:05,1,test2
https://storage.googleapis.com/public-datasets-lila/wcs-unzipped/animals/0405/0415.jpg,WCS Camera Traps : 5ad01212-92d5-11e9-9b08-000d3a74c7de,WCS Camera Traps : idn-003-d0108-183,WCS Camera Traps : 2874,1,tiger,06-17-2010 06:33:14,1,test2
https://storage.googleapis.com/public-datasets-lila/wcs-unzipped/animals/0405/0741.jpg,WCS Camera Traps : 5adf0664-92d5-11e9-8aa3-000d3a74c7de,WCS Camera Traps : idn-003-d0110-104,WCS Camera Traps : 2875,1,tiger,06-04-2010 06:47:47,1,test2
https://storage.googleapis.com/public-datasets-lila/wcs-unzipped/animals/0405/0742.jpg,WCS Camera Traps : 5adf0666-92d5-11e9-bd79-000d3a74c7de,WCS Camera Traps : idn-003-d0110-104,WCS Camera Traps : 2875,2,tiger,06-04-2010 06:47:53,1,test2
https://storage.googleapis.com/public-datasets-lila/wcs-unzipped/animals/0405/0743.jpg,WCS Camera Traps : 5adf0668-92d5-11e9-87c0-000d3a74c7de,WCS Camera Traps : idn-003-d0110-104,WCS Camera Traps : 2875,3,tiger,06-04-2010 06:47:58,1,test2
https://storage.googleapis.com/public-datasets-lila/wcs-unzipped/animals/0405/1711.jpg,WCS Camera Traps : 5b0b4dee-92d5-11e9-8a81-000d3a74c7de,WCS Camera Traps : idn-003-d0111-187,WCS Camera Traps : 2875,1,tiger,06-04-2010 12:24:57,1,test2
https://storage.googleapis.com/public-datasets-lila/wcs-unzipped/animals/0405/1712.jpg,WCS Camera Traps : 5b0b4df0-92d5-11e9-ad6d-000d3a74c7de,WCS Camera Traps : idn-003-d0111-187,WCS Camera Traps : 2875,2,tiger,06-04-2010 12:25:01,1,test2
https://storage.googleapis.com/public-datasets-lila/wcs-unzipped/animals/0405/1713.jpg,WCS Camera Traps : 5b0b4df2-92d5-11e9-b467-000d3a74c7de,WCS Camera Traps : idn-003-d0111-187,WCS Camera Traps : 2875,3,tiger,06-04-2010 12:25:04,1,test2
https://storage.googleapis.com/public-datasets-lila/wcs-unzipped/animals/0405/1714.jpg,WCS Camera Traps : 5b0b4df4-92d5-11e9-9041-000d3a74c7de,WCS Camera Traps : idn-003-d0111-187,WCS Camera Traps : 2875,4,tiger,06-04-2010 12:25:11,1,test2
https://storage.googleapis.com/public-datasets-lila/wcs-unzipped/animals/0405/1715.jpg,WCS Camera Traps : 5b0b750d-92d5-11e9-9bed-000d3a74c7de,WCS Camera Traps : idn-003-d0111-187,WCS Camera Traps : 2875,5,tiger,06-04-2010 12:25:14,1,test2
https://storage.googleapis.com/public-datasets-lila/wcs-unzipped/animals/0405/1716.jpg,WCS Camera Traps : 5b0b750f-92d5-11e9-9d12-000d3a74c7de,WCS Camera Traps : idn-003-d0111-187,WCS Camera Traps : 2875,6,tiger,06-04-2010 12:25:17,1,test2
https://storage.googleapis.com/public-datasets-lila/wcs-unzipped/animals/0406/0073.jpg,WCS Camera Traps : 5b1b5330-92d5-11e9-b849-000d3a74c7de,WCS Camera Traps : idn-003-d0115-10,WCS Camera Traps : 2853,1,tiger,06-29-2010 11:57:03,1,test2
https://storage.googleapis.com/public-datasets-lila/wcs-unzipped/animals/0406/0074.jpg,WCS Camera Traps : 5b1b5332-92d5-11e9-8c30-000d3a74c7de,WCS Camera Traps : idn-003-d0115-10,WCS Camera Traps : 2853,2,tiger,06-29-2010 11:57:06,1,test2
https://storage.googleapis.com/public-datasets-lila/wcs-unzipped/animals/0406/0075.jpg,WCS Camera Traps : 5b1b5334-92d5-11e9-8d0b-000d3a74c7de,WCS Camera Traps : idn-003-d0115-10,WCS Camera Traps : 2853,3,tiger,06-29-2010 11:57:09,1,test2
https://storage.googleapis.com/public-datasets-lila/wcs-unzipped/animals/0406/0126.jpg,WCS Camera Traps : 5b1d9cef-92d5-11e9-9ef9-000d3a74c7de,WCS Camera Traps : idn-003-d0116-8,WCS Camera Traps : 2853,1,tiger,06-29-2010 12:09:22,1,test2
https://storage.googleapis.com/public-datasets-lila/wcs-unzipped/animals/0406/0127.jpg,WCS Camera Traps : 5b1d9cf1-92d5-11e9-9239-000d3a74c7de,WCS Camera Traps : idn-003-d0116-8,WCS Camera Traps : 2853,2,tiger,06-29-2010 12:09:27,1,test2
https://storage.googleapis.com/public-datasets-lila/wcs-unzipped/animals/0406/0128.jpg,WCS Camera Traps : 5b1d9cf3-92d5-11e9-969d-000d3a74c7de,WCS Camera Traps : idn-003-d0116-8,WCS Camera Traps : 2853,3,tiger,06-29-2010 12:09:33,1,test2
https://storage.googleapis.com/public-datasets-lila/wcs-unzipped/animals/0406/0744.jpg,WCS Camera Traps : 5b39d5ee-92d5-11e9-940c-000d3a74c7de,WCS Camera Traps : idn-003-d0121-25,WCS Camera Traps : 2858,1,tiger,06-28-2010 15:56:18,1,test2
https://storage.googleapis.com/public-datasets-lila/wcs-unzipped/animals/0406/0745.jpg,WCS Camera Traps : 5b39d5f0-92d5-11e9-a5c8-000d3a74c7de,WCS Camera Traps : idn-003-d0121-25,WCS Camera Traps : 2858,2,tiger,06-28-2010 15:56:22,1,test2
https://storage.googleapis.com/public-datasets-lila/wcs-unzipped/animals/0406/0746.jpg,WCS Camera Traps : 5b39d5f2-92d5-11e9-8e13-000d3a74c7de,WCS Camera Traps : idn-003-d0121-25,WCS Camera Traps : 2858,3,tiger,06-28-2010 15:56:26,1,test2
https://storage.googleapis.com/public-datasets-lila/wcs-unzipped/animals/0406/1017.jpg,WCS Camera Traps : 5b479177-92d5-11e9-bb86-000d3a74c7de,WCS Camera Traps : idn-003-d0123-9,WCS Camera Traps : 2877,1,tiger,07-01-2010 17:19:43,1,test2
https://storage.googleapis.com/public-datasets-lila/wcs-unzipped/animals/0406/1018.jpg,WCS Camera Traps : 5b479179-92d5-11e9-8171-000d3a74c7de,WCS Camera Traps : idn-003-d0123-10,WCS Camera Traps : 2877,1,tiger,07-01-2010 17:20:46,1,test2
https://storage.googleapis.com/public-datasets-lila/wcs-unzipped/animals/0406/1019.jpg,WCS Camera Traps : 5b47917b-92d5-11e9-87d2-000d3a74c7de,WCS Camera Traps : idn-003-d0123-11,WCS Camera Traps : 2877,1,tiger,07-01-2010 17:21:53,1,test2
https://storage.googleapis.com/public-datasets-lila/wcs-unzipped/animals/0406/1077.jpg,WCS Camera Traps : 5b4a2987-92d5-11e9-bdf4-000d3a74c7de,WCS Camera Traps : idn-003-d0124-14,WCS Camera Traps : 2877,1,tiger,07-01-2010 14:43:16,1,test2
https://storage.googleapis.com/public-datasets-lila/wcs-unzipped/animals/0406/1078.jpg,WCS Camera Traps : 5b4a2989-92d5-11e9-9ad5-000d3a74c7de,WCS Camera Traps : idn-003-d0124-15,WCS Camera Traps : 2877,1,tiger,07-01-2010 14:44:20,1,test2
https://storage.googleapis.com/public-datasets-lila/wcs-unzipped/animals/0406/1079.jpg,WCS Camera Traps : 5b4a298b-92d5-11e9-b2a3-000d3a74c7de,WCS Camera Traps : idn-003-d0124-16,WCS Camera Traps : 2877,1,tiger,07-01-2010 14:45:21,1,test2
https://storage.googleapis.com/public-datasets-lila/wcs-unzipped/animals/0406/1549.jpg,WCS Camera Traps : 5b5fd46f-92d5-11e9-8c94-000d3a74c7de,WCS Camera Traps : idn-003-d0137-1,WCS Camera Traps : 2880,1,tiger,07-08-2010 10:28:20,1,test2
https://storage.googleapis.com/public-datasets-lila/wcs-unzipped/animals/0406/1550.jpg,WCS Camera Traps : 5b5fd471-92d5-11e9-8853-000d3a74c7de,WCS Camera Traps : idn-003-d0137-1,WCS Camera Traps : 2880,2,tiger,07-08-2010 10:28:44,1,test2
https://storage.googleapis.com/public-datasets-lila/wcs-unzipped/animals/0406/1571.jpg,WCS Camera Traps : 5b60e5df-92d5-11e9-bbe0-000d3a74c7de,WCS Camera Traps : idn-003-d0138-4,WCS Camera Traps : 2880,1,tiger,07-08-2010 10:27:34,1,test2
https://storage.googleapis.com/public-datasets-lila/wcs-unzipped/animals/0406/1572.jpg,WCS Camera Traps : 5b610ce8-92d5-11e9-9872-000d3a74c7de,WCS Camera Traps : idn-003-d0138-4,WCS Camera Traps : 2880,2,tiger,07-08-2010 10:27:36,1,test2
https://storage.googleapis.com/public-datasets-lila/wcs-unzipped/animals/0406/1575.jpg,WCS Camera Traps : 5b6133f9-92d5-11e9-a328-000d3a74c7de,WCS Camera Traps : idn-003-d0138-6,WCS Camera Traps : 2880,1,tiger,07-23-2010 15:51:00,1,test2
https://storage.googleapis.com/public-datasets-lila/wcs-unzipped/animals/0406/1576.jpg,WCS Camera Traps : 5b6133fb-92d5-11e9-9b21-000d3a74c7de,WCS Camera Traps : idn-003-d0138-6,WCS Camera Traps : 2880,2,tiger,07-23-2010 15:51:00,1,test2
https://storage.googleapis.com/public-datasets-lila/wcs-unzipped/animals/0406/1577.jpg,WCS Camera Traps : 5b6133fd-92d5-11e9-ada5-000d3a74c7de,WCS Camera Traps : idn-003-d0138-6,WCS Camera Traps : 2880,3,tiger,07-23-2010 15:51:04,1,test2
https://storage.googleapis.com/public-datasets-lila/wcs-unzipped/animals/0406/1578.jpg,WCS Camera Traps : 5b615b0a-92d5-11e9-a233-000d3a74c7de,WCS Camera Traps : idn-003-d0138-6,WCS Camera Traps : 2880,4,tiger,07-23-2010 15:51:06,1,test2
https://storage.googleapis.com/public-datasets-lila/wcs-unzipped/animals/0406/1610.jpg,WCS Camera Traps : 5b62baa2-92d5-11e9-bfe6-000d3a74c7de,WCS Camera Traps : idn-003-d0139-19,WCS Camera Traps : 2874,1,tiger,07-07-2010 17:27:50,1,test2
https://storage.googleapis.com/public-datasets-lila/wcs-unzipped/animals/0406/1616.jpg,WCS Camera Traps : 5b6308bc-92d5-11e9-8432-000d3a74c7de,WCS Camera Traps : idn-003-d0139-23,WCS Camera Traps : 2874,1,tiger,07-11-2010 10:33:49,1,test2
https://storage.googleapis.com/public-datasets-lila/wcs-unzipped/animals/0406/1617.jpg,WCS Camera Traps : 5b6308be-92d5-11e9-bc2b-000d3a74c7de,WCS Camera Traps : idn-003-d0139-23,WCS Camera Traps : 2874,2,tiger,07-11-2010 10:33:52,1,test2
https://storage.googleapis.com/public-datasets-lila/wcs-unzipped/animals/0406/1658.jpg,WCS Camera Traps : 5b6552b2-92d5-11e9-9ac8-000d3a74c7de,WCS Camera Traps : idn-003-d0140-11,WCS Camera Traps : 2872,1,tiger,07-04-2010 07:48:48,1,test2
https://storage.googleapis.com/public-datasets-lila/wcs-unzipped/animals/0406/1659.jpg,WCS Camera Traps : 5b6579ba-92d5-11e9-9201-000d3a74c7de,WCS Camera Traps : idn-003-d0140-11,WCS Camera Traps : 2872,2,tiger,07-04-2010 07:48:51,1,test2
https://storage.googleapis.com/public-datasets-lila/wcs-unzipped/animals/0406/1660.jpg,WCS Camera Traps : 5b6579bc-92d5-11e9-b433-000d3a74c7de,WCS Camera Traps : idn-003-d0140-11,WCS Camera Traps : 2872,3,tiger,07-04-2010 07:48:54,1,test2
https://storage.googleapis.com/public-datasets-lila/wcs-unzipped/animals/0406/1846.jpg,WCS Camera Traps : 5b6db71d-92d5-11e9-8db2-000d3a74c7de,WCS Camera Traps : idn-003-d0141-25,WCS Camera Traps : 2875,1,tiger,07-11-2010 08:20:01,1,test2
https://storage.googleapis.com/public-datasets-lila/wcs-unzipped/animals/0406/1847.jpg,WCS Camera Traps : 5b6dde24-92d5-11e9-af2b-000d3a74c7de,WCS Camera Traps : idn-003-d0141-25,WCS Camera Traps : 2875,2,tiger,07-11-2010 08:20:07,1,test2
https://storage.googleapis.com/public-datasets-lila/wcs-unzipped/animals/0406/1848.jpg,WCS Camera Traps : 5b6dde26-92d5-11e9-8d8b-000d3a74c7de,WCS Camera Traps : idn-003-d0141-25,WCS Camera Traps : 2875,3,tiger,07-11-2010 08:20:11,1,test2
https://storage.googleapis.com/public-datasets-lila/wcs-unzipped/animals/0406/1900.jpg,WCS Camera Traps : 5b70763a-92d5-11e9-940d-000d3a74c7de,WCS Camera Traps : idn-003-d0142-18,WCS Camera Traps : 2875,1,tiger,07-11-2010 09:11:51,1,test2
https://storage.googleapis.com/public-datasets-lila/wcs-unzipped/animals/0406/1901.jpg,WCS Camera Traps : 5b70763c-92d5-11e9-b75e-000d3a74c7de,WCS Camera Traps : idn-003-d0142-18,WCS Camera Traps : 2875,2,tiger,07-11-2010 09:11:57,1,test2
https://storage.googleapis.com/public-datasets-lila/wcs-unzipped/animals/0406/1902.jpg,WCS Camera Traps : 5b709d4b-92d5-11e9-bfa3-000d3a74c7de,WCS Camera Traps : idn-003-d0142-18,WCS Camera Traps : 2875,3,tiger,07-11-2010 09:12:01,1,test2
https://storage.googleapis.com/public-datasets-lila/wcs-unzipped/animals/0420/0492.jpg,WCS Camera Traps : 6047a11e-92d5-11e9-966b-000d3a74c7de,WCS Camera Traps : idn-004-d0013-34,WCS Camera Traps : 2995,1,tiger,04-17-2013 14:22:01,1,test2
https://storage.googleapis.com/public-datasets-lila/wcs-unzipped/animals/0420/0960.jpg,WCS Camera Traps : 605dc2d0-92d5-11e9-afab-000d3a74c7de,WCS Camera Traps : idn-004-d0015-124,WCS Camera Traps : 2995,1,tiger,04-09-2013 07:14:35,1,test2
https://storage.googleapis.com/public-datasets-lila/wcs-unzipped/animals/0420/1077.jpg,WCS Camera Traps : 606367b0-92d5-11e9-8686-000d3a74c7de,WCS Camera Traps : idn-004-d0015-160,WCS Camera Traps : 2995,1,tiger,04-17-2013 14:19:01,1,test2
https://storage.googleapis.com/public-datasets-lila/wcs-unzipped/animals/0420/1078.jpg,WCS Camera Traps : 606367b2-92d5-11e9-ba6e-000d3a74c7de,WCS Camera Traps : idn-004-d0015-160,WCS Camera Traps : 2995,2,tiger,04-17-2013 14:19:08,1,test2
https://storage.googleapis.com/public-datasets-lila/wcs-unzipped/animals/0420/1079.jpg,WCS Camera Traps : 606367b4-92d5-11e9-bede-000d3a74c7de,WCS Camera Traps : idn-004-d0015-160,WCS Camera Traps : 2995,3,tiger,04-17-2013 14:19:14,1,test2
https://storage.googleapis.com/public-datasets-lila/wcs-unzipped/animals/0420/1478.jpg,WCS Camera Traps : 60765370-92d5-11e9-92d3-000d3a74c7de,WCS Camera Traps : idn-004-d0018-23,WCS Camera Traps : 2996,1,tiger,02-06-2013 01:33:47,1,test2
https://storage.googleapis.com/public-datasets-lila/wcs-unzipped/animals/0420/1559.jpg,WCS Camera Traps : 6079fcfe-92d5-11e9-b1d0-000d3a74c7de,WCS Camera Traps : idn-004-d0020-9,WCS Camera Traps : 2996,1,tiger,02-06-2013 01:33:51,1,test2
https://storage.googleapis.com/public-datasets-lila/wcs-unzipped/animals/0420/1649.jpg,WCS Camera Traps : 607dcd7e-92d5-11e9-ae18-000d3a74c7de,WCS Camera Traps : idn-004-d0024-24,WCS Camera Traps : 2997,1,tiger,03-01-2013 15:31:35,1,test2
https://storage.googleapis.com/public-datasets-lila/wcs-unzipped/animals/0420/1697.jpg,WCS Camera Traps : 60808c86-92d5-11e9-b5f1-000d3a74c7de,WCS Camera Traps : idn-004-d0026-20,WCS Camera Traps : 2997,1,tiger,03-01-2013 15:32:27,1,test2
https://storage.googleapis.com/public-datasets-lila/wcs-unzipped/animals/0420/1964.jpg,WCS Camera Traps : 608c4b0b-92d5-11e9-8e84-000d3a74c7de,WCS Camera Traps : idn-004-d0028-59,WCS Camera Traps : 2998,4,tiger,02-03-2013 14:22:02,1,test2
https://storage.googleapis.com/public-datasets-lila/wcs-unzipped/animals/0421/1862.jpg,WCS Camera Traps : 60e3e222-92d5-11e9-b53d-000d3a74c7de,WCS Camera Traps : idn-004-d0033-7,WCS Camera Traps : 2999,1,tiger,02-04-2013 06:24:18,1,test2
https://storage.googleapis.com/public-datasets-lila/wcs-unzipped/animals/0421/1863.jpg,WCS Camera Traps : 60e3e224-92d5-11e9-ae31-000d3a74c7de,WCS Camera Traps : idn-004-d0033-7,WCS Camera Traps : 2999,2,tiger,02-04-2013 06:24:25,1,test2
https://storage.googleapis.com/public-datasets-lila/wcs-unzipped/animals/0421/1864.jpg,WCS Camera Traps : 60e3e226-92d5-11e9-a98b-000d3a74c7de,WCS Camera Traps : idn-004-d0033-7,WCS Camera Traps : 2999,3,tiger,02-04-2013 06:24:30,1,test2
https://storage.googleapis.com/public-datasets-lila/wcs-unzipped/animals/0422/1401.jpg,WCS Camera Traps : 612a612a-92d5-11e9-9867-000d3a74c7de,WCS Camera Traps : idn-004-d0037-137,WCS Camera Traps : 3000,1,tiger,03-19-2013 16:46:26,1,test2
https://storage.googleapis.com/public-datasets-lila/wcs-unzipped/animals/0422/1402.jpg,WCS Camera Traps : 612a612c-92d5-11e9-aba2-000d3a74c7de,WCS Camera Traps : idn-004-d0037-137,WCS Camera Traps : 3000,2,tiger,03-19-2013 16:46:30,1,test2
https://storage.googleapis.com/public-datasets-lila/wcs-unzipped/animals/0422/1403.jpg,WCS Camera Traps : 612a884d-92d5-11e9-ab3e-000d3a74c7de,WCS Camera Traps : idn-004-d0037-137,WCS Camera Traps : 3000,3,tiger,03-19-2013 16:46:34,1,test2
https://storage.googleapis.com/public-datasets-lila/wcs-unzipped/animals/0422/1404.jpg,WCS Camera Traps : 612a884f-92d5-11e9-af47-000d3a74c7de,WCS Camera Traps : idn-004-d0037-137,WCS Camera Traps : 3000,4,tiger,03-19-2013 16:46:52,1,test2
https://storage.googleapis.com/public-datasets-lila/wcs-unzipped/animals/0422/1405.jpg,WCS Camera Traps : 612aaf80-92d5-11e9-a5a2-000d3a74c7de,WCS Camera Traps : idn-004-d0037-137,WCS Camera Traps : 3000,5,tiger,03-19-2013 16:46:57,1,test2
https://storage.googleapis.com/public-datasets-lila/wcs-unzipped/animals/0422/1406.jpg,WCS Camera Traps : 612aaf82-92d5-11e9-a846-000d3a74c7de,WCS Camera Traps : idn-004-d0037-137,WCS Camera Traps : 3000,6,tiger,03-19-2013 16:47:01,1,test2
https://storage.googleapis.com/public-datasets-lila/wcs-unzipped/animals/0428/0576.jpg,WCS Camera Traps : 632da5de-92d5-11e9-a712-000d3a74c7de,WCS Camera Traps : idn-004-d0081-115,WCS Camera Traps : 3014,1,tiger,03-01-2013 00:31:38,1,test2
https://storage.googleapis.com/public-datasets-lila/wcs-unzipped/animals/0428/1161.jpg,WCS Camera Traps : 634832ae-92d5-11e9-b40b-000d3a74c7de,WCS Camera Traps : idn-004-d0081-318,WCS Camera Traps : 3014,1,tiger,03-08-2013 11:27:58,1,test2
https://storage.googleapis.com/public-datasets-lila/wcs-unzipped/animals/0428/1162.jpg,WCS Camera Traps : 634832b0-92d5-11e9-93dc-000d3a74c7de,WCS Camera Traps : idn-004-d0081-318,WCS Camera Traps : 3014,2,tiger,03-08-2013 11:28:03,1,test2
https://storage.googleapis.com/public-datasets-lila/wcs-unzipped/animals/0429/1826.jpg,WCS Camera Traps : 63c503ce-92d5-11e9-acfe-000d3a74c7de,WCS Camera Traps : idn-004-d0083-349,WCS Camera Traps : 3015,1,tiger,03-01-2013 00:22:12,1,test2
https://storage.googleapis.com/public-datasets-lila/wcs-unzipped/animals/0434/0438.jpg,WCS Camera Traps : 654f2d30-92d5-11e9-85c1-000d3a74c7de,WCS Camera Traps : idn-004-d0100-15,WCS Camera Traps : 3023,1,tiger,03-18-2013 18:03:24,1,test2
https://storage.googleapis.com/public-datasets-lila/wcs-unzipped/animals/0434/0439.jpg,WCS Camera Traps : 654f2d32-92d5-11e9-85f6-000d3a74c7de,WCS Camera Traps : idn-004-d0100-15,WCS Camera Traps : 3023,2,tiger,03-18-2013 18:03:42,1,test2
https://storage.googleapis.com/public-datasets-lila/wcs-unzipped/animals/0434/0539.jpg,WCS Camera Traps : 655372fe-92d5-11e9-80b5-000d3a74c7de,WCS Camera Traps : idn-004-d0101-15,WCS Camera Traps : 3024,1,tiger,02-23-2013 11:24:59,1,test2
https://storage.googleapis.com/public-datasets-lila/wcs-unzipped/animals/0434/0540.jpg,WCS Camera Traps : 65537300-92d5-11e9-b977-000d3a74c7de,WCS Camera Traps : idn-004-d0101-15,WCS Camera Traps : 3024,2,tiger,02-23-2013 11:25:03,1,test2
https://storage.googleapis.com/public-datasets-lila/wcs-unzipped/animals/0436/1440.jpg,WCS Camera Traps : 66387bd0-92d5-11e9-a29f-000d3a74c7de,WCS Camera Traps : idn-004-d0115-43,WCS Camera Traps : 3030,1,tiger,02-12-2013 09:07:06,1,test2
https://storage.googleapis.com/public-datasets-lila/wcs-unzipped/animals/0436/1461.jpg,WCS Camera Traps : 66398d36-92d5-11e9-8b41-000d3a74c7de,WCS Camera Traps : idn-004-d0115-50,WCS Camera Traps : 3030,1,tiger,02-16-2013 16:52:50,1,test2
https://storage.googleapis.com/public-datasets-lila/wcs-unzipped/animals/0436/1563.jpg,WCS Camera Traps : 663dfa10-92d5-11e9-84dd-000d3a74c7de,WCS Camera Traps : idn-004-d0115-86,WCS Camera Traps : 3030,1,tiger,03-06-2013 04:44:56,1,test2
https://storage.googleapis.com/public-datasets-lila/wcs-unzipped/animals/0436/1647.jpg,WCS Camera Traps : 664218be-92d5-11e9-868a-000d3a74c7de,WCS Camera Traps : idn-004-d0116-32,WCS Camera Traps : 3031,1,tiger,02-12-2013 09:06:25,1,test2
https://storage.googleapis.com/public-datasets-lila/wcs-unzipped/animals/0437/1944.jpg,WCS Camera Traps : 66a93ef5-92d5-11e9-9294-000d3a74c7de,WCS Camera Traps : idn-004-d0137-23,WCS Camera Traps : 3039,1,tiger,02-12-2013 12:08:55,1,test2
https://storage.googleapis.com/public-datasets-lila/wcs-unzipped/animals/0437/1962.jpg,WCS Camera Traps : 66aa0242-92d5-11e9-9e28-000d3a74c7de,WCS Camera Traps : idn-004-d0137-29,WCS Camera Traps : 3039,1,tiger,02-16-2013 18:06:39,1,test2
https://storage.googleapis.com/public-datasets-lila/wcs-unzipped/animals/0438/0014.jpg,WCS Camera Traps : 66ac4c34-92d5-11e9-8849-000d3a74c7de,WCS Camera Traps : idn-004-d0138-14,WCS Camera Traps : 3040,1,tiger,02-12-2013 12:10:47,1,test2
https://storage.googleapis.com/public-datasets-lila/wcs-unzipped/animals/0438/0017.jpg,WCS Camera Traps : 66ac7345-92d5-11e9-8e8a-000d3a74c7de,WCS Camera Traps : idn-004-d0138-16,WCS Camera Traps : 3040,1,tiger,02-16-2013 18:08:53,1,test2
https://storage.googleapis.com/public-datasets-lila/wcs-unzipped/animals/0438/0807.jpg,WCS Camera Traps : 66d0eb34-92d5-11e9-af53-000d3a74c7de,WCS Camera Traps : idn-004-d0151-16,WCS Camera Traps : 3048,1,tiger,02-08-2013 12:23:53,1,test2
https://storage.googleapis.com/public-datasets-lila/wcs-unzipped/animals/0438/0874.jpg,WCS Camera Traps : 66d3d174-92d5-11e9-a532-000d3a74c7de,WCS Camera Traps : idn-004-d0152-12,WCS Camera Traps : 3049,1,tiger,02-08-2013 13:07:20,1,test2
https://storage.googleapis.com/public-datasets-lila/wcs-unzipped/animals/0438/1006.jpg,WCS Camera Traps : 66d976bb-92d5-11e9-9b82-000d3a74c7de,WCS Camera Traps : idn-004-d0153-42,WCS Camera Traps : 3050,1,tiger,02-12-2013 11:52:26,1,test2
https://storage.googleapis.com/public-datasets-lila/wcs-unzipped/animals/0438/1007.jpg,WCS Camera Traps : 66d976bd-92d5-11e9-a8be-000d3a74c7de,WCS Camera Traps : idn-004-d0153-42,WCS Camera Traps : 3050,2,tiger,02-12-2013 11:52:33,1,test2
https://storage.googleapis.com/public-datasets-lila/wcs-unzipped/animals/0438/1108.jpg,WCS Camera Traps : 66de58bf-92d5-11e9-859c-000d3a74c7de,WCS Camera Traps : idn-004-d0154-24,WCS Camera Traps : 3050,1,tiger,02-12-2013 11:50:29,1,test2
https://storage.googleapis.com/public-datasets-lila/wcs-unzipped/animals/0438/1109.jpg,WCS Camera Traps : 66de7fcc-92d5-11e9-8e8d-000d3a74c7de,WCS Camera Traps : idn-004-d0154-24,WCS Camera Traps : 3050,2,tiger,02-12-2013 11:50:37,1,test2
https://storage.googleapis.com/public-datasets-lila/wcs-unzipped/animals/0438/1110.jpg,WCS Camera Traps : 66de7fce-92d5-11e9-af22-000d3a74c7de,WCS Camera Traps : idn-004-d0154-24,WCS Camera Traps : 3050,3,tiger,02-12-2013 11:50:44,1,test2
https://storage.googleapis.com/public-datasets-lila/wcs-unzipped/animals/0440/1079.jpg,WCS Camera Traps : 6797966b-92d5-11e9-be27-000d3a74c7de,WCS Camera Traps : idn-004-d0192-209,WCS Camera Traps : 3064,1,tiger,07-10-2013 09:00:42,1,test2
https://storage.googleapis.com/public-datasets-lila/wcs-unzipped/animals/0440/1209.jpg,WCS Camera Traps : 679dd7f6-92d5-11e9-b92c-000d3a74c7de,WCS Camera Traps : idn-004-d0193-21,WCS Camera Traps : 3065,1,tiger,05-02-2013 20:02:26,1,test2
https://storage.googleapis.com/public-datasets-lila/wcs-unzipped/animals/0440/1210.jpg,WCS Camera Traps : 679dd7f8-92d5-11e9-b79d-000d3a74c7de,WCS Camera Traps : idn-004-d0193-21,WCS Camera Traps : 3065,2,tiger,05-02-2013 20:02:32,1,test2
https://storage.googleapis.com/public-datasets-lila/wcs-unzipped/animals/0440/1308.jpg,WCS Camera Traps : 67a21dbc-92d5-11e9-8065-000d3a74c7de,WCS Camera Traps : idn-004-d0193-69,WCS Camera Traps : 3065,1,tiger,07-10-2013 09:01:20,1,test2
https://storage.googleapis.com/public-datasets-lila/wcs-unzipped/animals/0444/0459.jpg,WCS Camera Traps : 69b40dc2-92d5-11e9-bb0f-000d3a74c7de,WCS Camera Traps : idn-004-d0196-80,WCS Camera Traps : 3067,1,tiger,07-10-2013 09:48:25,1,test2
https://storage.googleapis.com/public-datasets-lila/wcs-unzipped/animals/0444/0460.jpg,WCS Camera Traps : 69b40dc4-92d5-11e9-9ddf-000d3a74c7de,WCS Camera Traps : idn-004-d0196-80,WCS Camera Traps : 3067,2,tiger,07-10-2013 09:48:30,1,test2
https://storage.googleapis.com/public-datasets-lila/wcs-unzipped/animals/0444/0461.jpg,WCS Camera Traps : 69b40dc6-92d5-11e9-b5c0-000d3a74c7de,WCS Camera Traps : idn-004-d0196-80,WCS Camera Traps : 3067,3,tiger,07-10-2013 09:48:35,1,test2
https://storage.googleapis.com/public-datasets-lila/wcs-unzipped/animals/0444/0462.jpg,WCS Camera Traps : 69b434c8-92d5-11e9-84aa-000d3a74c7de,WCS Camera Traps : idn-004-d0196-80,WCS Camera Traps : 3067,4,tiger,07-10-2013 09:48:55,1,test2
https://storage.googleapis.com/public-datasets-lila/wcs-unzipped/animals/0453/0315.jpg,WCS Camera Traps : 6cfc355e-92d5-11e9-9fa3-000d3a74c7de,WCS Camera Traps : idn-004-d0222-9,WCS Camera Traps : 3084,1,tiger,05-20-2013 11:52:08,1,test2
https://storage.googleapis.com/public-datasets-lila/wcs-unzipped/animals/0453/0316.jpg,WCS Camera Traps : 6cfc3560-92d5-11e9-b42c-000d3a74c7de,WCS Camera Traps : idn-004-d0222-9,WCS Camera Traps : 3084,2,tiger,05-20-2013 11:52:15,1,test2
https://storage.googleapis.com/public-datasets-lila/wcs-unzipped/animals/0456/0884.jpg,WCS Camera Traps : 6e31a88e-92d5-11e9-a08e-000d3a74c7de,WCS Camera Traps : idn-004-d0236-11,WCS Camera Traps : 3095,1,tiger,06-13-2013 11:24:56,1,test2
https://storage.googleapis.com/public-datasets-lila/wcs-unzipped/animals/0456/0974.jpg,WCS Camera Traps : 6e35c6d2-92d5-11e9-8249-000d3a74c7de,WCS Camera Traps : idn-004-d0237-13,WCS Camera Traps : 3096,1,tiger,06-13-2013 11:23:39,1,test2
https://storage.googleapis.com/public-datasets-lila/wcs-unzipped/animals/0458/0120.jpg,WCS Camera Traps : 6ec868cc-92d5-11e9-a037-000d3a74c7de,WCS Camera Traps : idn-004-d0256-40,WCS Camera Traps : 3110,4,tiger,07-07-2013 17:35:24,1,test2
https://storage.googleapis.com/public-datasets-lila/wcs-unzipped/animals/0458/0909.jpg,WCS Camera Traps : 6eec4430-92d5-11e9-92cd-000d3a74c7de,WCS Camera Traps : idn-004-d0262-4,WCS Camera Traps : 3113,1,tiger,05-27-2013 02:04:23,1,test2
https://storage.googleapis.com/public-datasets-lila/wcs-unzipped/animals/0458/1010.jpg,WCS Camera Traps : 6ef14d94-92d5-11e9-9ac4-000d3a74c7de,WCS Camera Traps : idn-004-d0263-14,WCS Camera Traps : 3113,1,tiger,05-27-2013 02:09:23,1,test2
https://storage.googleapis.com/public-datasets-lila/wcs-unzipped/animals/0460/0792.jpg,WCS Camera Traps : 6fa13c49-92d5-11e9-b66b-000d3a74c7de,WCS Camera Traps : idn-004-d0268-72,WCS Camera Traps : 3117,4,tiger,07-06-2013 18:45:08,1,test2
https://storage.googleapis.com/public-datasets-lila/wcs-unzipped/animals/0460/0910.jpg,WCS Camera Traps : 6fa693f8-92d5-11e9-8f80-000d3a74c7de,WCS Camera Traps : idn-004-d0268-72,WCS Camera Traps : 3117,1,tiger,07-06-2013 18:44:10,1,test2
https://storage.googleapis.com/public-datasets-lila/wcs-unzipped/animals/0460/1090.jpg,WCS Camera Traps : 6faef7fc-92d5-11e9-8f79-000d3a74c7de,WCS Camera Traps : idn-004-d0270-22,WCS Camera Traps : 3118,1,tiger,06-11-2013 14:20:42,1,test2
https://storage.googleapis.com/public-datasets-lila/wcs-unzipped/animals/0460/1091.jpg,WCS Camera Traps : 6faf1f08-92d5-11e9-b16b-000d3a74c7de,WCS Camera Traps : idn-004-d0270-22,WCS Camera Traps : 3118,2,tiger,06-11-2013 14:20:49,1,test2
https://storage.googleapis.com/public-datasets-lila/wcs-unzipped/animals/0460/1295.jpg,WCS Camera Traps : 6fb7f8d4-92d5-11e9-b757-000d3a74c7de,WCS Camera Traps : idn-004-d0271-6,WCS Camera Traps : 3118,1,tiger,06-11-2013 14:20:50,1,test2
https://storage.googleapis.com/public-datasets-lila/wcs-unzipped/animals/0460/1296.jpg,WCS Camera Traps : 6fb7f8d6-92d5-11e9-9e29-000d3a74c7de,WCS Camera Traps : idn-004-d0271-6,WCS Camera Traps : 3118,2,tiger,06-11-2013 14:20:55,1,test2
https://storage.googleapis.com/public-datasets-lila/wcs-unzipped/animals/0460/1401.jpg,WCS Camera Traps : 6fbd298d-92d5-11e9-b414-000d3a74c7de,WCS Camera Traps : idn-004-d0272-40,WCS Camera Traps : 3119,1,tiger,07-07-2013 01:29:19,1,test2
https://storage.googleapis.com/public-datasets-lila/wcs-unzipped/animals/0460/1497.jpg,WCS Camera Traps : 6fc16e97-92d5-11e9-abf3-000d3a74c7de,WCS Camera Traps : idn-004-d0273-37,WCS Camera Traps : 3120,1,tiger,07-07-2013 01:28:16,1,test2
https://storage.googleapis.com/public-datasets-lila/wcs-unzipped/animals/0460/1916.jpg,WCS Camera Traps : 6fd4d02a-92d5-11e9-9647-000d3a74c7de,WCS Camera Traps : idn-004-d0279-4,WCS Camera Traps : 3124,1,tiger,06-18-2013 00:21:30,1,test2
https://storage.googleapis.com/public-datasets-lila/wcs-unzipped/animals/0460/1917.jpg,WCS Camera Traps : 6fd4d02c-92d5-11e9-bf0f-000d3a74c7de,WCS Camera Traps : idn-004-d0279-4,WCS Camera Traps : 3124,2,tiger,06-18-2013 00:21:49,1,test2
https://storage.googleapis.com/public-datasets-lila/wcs-unzipped/animals/0460/1952.jpg,WCS Camera Traps : 6fd67e82-92d5-11e9-8010-000d3a74c7de,WCS Camera Traps : idn-004-d0279-23,WCS Camera Traps : 3124,1,tiger,07-08-2013 16:31:43,1,test2
https://storage.googleapis.com/public-datasets-lila/wcs-unzipped/animals/0460/1953.jpg,WCS Camera Traps : 6fd67e84-92d5-11e9-ab1b-000d3a74c7de,WCS Camera Traps : idn-004-d0279-23,WCS Camera Traps : 3124,2,tiger,07-08-2013 16:31:50,1,test2
https://storage.googleapis.com/public-datasets-lila/wcs-unzipped/animals/0460/1954.jpg,WCS Camera Traps : 6fd67e86-92d5-11e9-9a4f-000d3a74c7de,WCS Camera Traps : idn-004-d0279-23,WCS Camera Traps : 3124,3,tiger,07-08-2013 16:31:55,1,test2
https://storage.googleapis.com/public-datasets-lila/wcs-unzipped/animals/0460/1988.jpg,WCS Camera Traps : 6fd8043e-92d5-11e9-aec4-000d3a74c7de,WCS Camera Traps : idn-004-d0279-40,WCS Camera Traps : 3124,1,tiger,07-19-2013 10:01:52,1,test2
https://storage.googleapis.com/public-datasets-lila/wcs-unzipped/animals/0460/1994.jpg,WCS Camera Traps : 6fd851f8-92d5-11e9-9a24-000d3a74c7de,WCS Camera Traps : idn-004-d0279-44,WCS Camera Traps : 3124,1,tiger,07-21-2013 05:49:51,1,test2
https://storage.googleapis.com/public-datasets-lila/wcs-unzipped/animals/0460/1997.jpg,WCS Camera Traps : 6fd8792e-92d5-11e9-9283-000d3a74c7de,WCS Camera Traps : idn-004-d0279-46,WCS Camera Traps : 3124,1,tiger,07-21-2013 06:34:51,1,test2
https://storage.googleapis.com/public-datasets-lila/wcs-unzipped/animals/0461/0000.jpg,WCS Camera Traps : 6fd87934-92d5-11e9-8ef8-000d3a74c7de,WCS Camera Traps : idn-004-d0279-48,WCS Camera Traps : 3124,1,tiger,07-22-2013 17:57:30,1,test2
https://storage.googleapis.com/public-datasets-lila/wcs-unzipped/animals/0462/0344.jpg,WCS Camera Traps : 704607e6-92d5-11e9-b7cb-000d3a74c7de,WCS Camera Traps : idn-004-d0289-58,WCS Camera Traps : 3131,1,tiger,07-05-2013 14:21:12,1,test2
https://storage.googleapis.com/public-datasets-lila/wcs-unzipped/animals/0462/0416.jpg,WCS Camera Traps : 7049d86a-92d5-11e9-acbf-000d3a74c7de,WCS Camera Traps : idn-004-d0289-94,WCS Camera Traps : 3131,1,tiger,07-25-2013 14:51:27,1,test2
https://storage.googleapis.com/public-datasets-lila/wcs-unzipped/animals/0462/1184.jpg,WCS Camera Traps : 706d8d6a-92d5-11e9-b7a2-000d3a74c7de,WCS Camera Traps : idn-004-d0294-3,WCS Camera Traps : 3135,3,tiger,05-20-2013 16:38:13,1,test2
https://storage.googleapis.com/public-datasets-lila/wcs-unzipped/animals/0462/1185.jpg,WCS Camera Traps : 706d8d6c-92d5-11e9-817e-000d3a74c7de,WCS Camera Traps : idn-004-d0294-3,WCS Camera Traps : 3135,4,tiger,05-20-2013 16:38:30,1,test2
https://storage.googleapis.com/public-datasets-lila/wcs-unzipped/animals/0462/1186.jpg,WCS Camera Traps : 706db474-92d5-11e9-b448-000d3a74c7de,WCS Camera Traps : idn-004-d0294-3,WCS Camera Traps : 3135,5,tiger,05-20-2013 16:38:50,1,test2
https://storage.googleapis.com/public-datasets-lila/wcs-unzipped/animals/0462/1253.jpg,WCS Camera Traps : 7070ea27-92d5-11e9-b03c-000d3a74c7de,WCS Camera Traps : idn-004-d0295-5,WCS Camera Traps : 3136,1,tiger,05-20-2013 16:35:21,1,test2
https://storage.googleapis.com/public-datasets-lila/wcs-unzipped/animals/0462/1254.jpg,WCS Camera Traps : 7070ea29-92d5-11e9-8322-000d3a74c7de,WCS Camera Traps : idn-004-d0295-5,WCS Camera Traps : 3136,2,tiger,05-20-2013 16:35:43,1,test2
https://storage.googleapis.com/public-datasets-lila/wcs-unzipped/animals/0462/1508.jpg,WCS Camera Traps : 707d1e00-92d5-11e9-90f4-000d3a74c7de,WCS Camera Traps : idn-004-d0298-13,WCS Camera Traps : 3139,1,tiger,06-05-2013 23:17:33,1,test2
https://storage.googleapis.com/public-datasets-lila/wcs-unzipped/animals/0462/1689.jpg,WCS Camera Traps : 7085a937-92d5-11e9-b97b-000d3a74c7de,WCS Camera Traps : idn-004-d0299-6,WCS Camera Traps : 3139,1,tiger,06-05-2013 23:16:41,1,test2
https://storage.googleapis.com/public-datasets-lila/wcs-unzipped/animals/0462/1881.jpg,WCS Camera Traps : 708f945e-92d5-11e9-a04c-000d3a74c7de,WCS Camera Traps : idn-004-d0300-23,WCS Camera Traps : 3140,1,tiger,06-06-2013 00:38:45,1,test2
https://storage.googleapis.com/public-datasets-lila/wcs-unzipped/animals/0463/0114.jpg,WCS Camera Traps : 709a4261-92d5-11e9-b93e-000d3a74c7de,WCS Camera Traps : idn-004-d0301-5,WCS Camera Traps : 3141,1,tiger,06-06-2013 00:30:03,1,test2
https://storage.googleapis.com/public-datasets-lila/wcs-unzipped/animals/0465/0803.jpg,WCS Camera Traps : 71790bb0-92d5-11e9-9588-000d3a74c7de,WCS Camera Traps : idn-004-d0322-89,WCS Camera Traps : 3161,1,tiger,06-19-2013 04:47:27,1,test2
https://storage.googleapis.com/public-datasets-lila/wcs-unzipped/animals/0465/1112.jpg,WCS Camera Traps : 71876330-92d5-11e9-9298-000d3a74c7de,WCS Camera Traps : idn-004-d0323-77,WCS Camera Traps : 3161,1,tiger,06-19-2013 04:44:42,1,test2
https://storage.googleapis.com/public-datasets-lila/wcs-unzipped/animals/0476/1113.jpg,WCS Camera Traps : 7592d5b4-92d5-11e9-a115-000d3a74c7de,WCS Camera Traps : lao-001-d0040-2,WCS Camera Traps : 3460,1,tiger,04-07-2003 19:15:00,1,test2
https://storage.googleapis.com/public-datasets-lila/wcs-unzipped/animals/0476/1163.jpg,WCS Camera Traps : 75951f2e-92d5-11e9-9bb6-000d3a74c7de,WCS Camera Traps : lao-001-d0048-7,WCS Camera Traps : 3465,1,tiger,04-22-2003 07:21:00,1,test2
https://storage.googleapis.com/public-datasets-lila/wcs-unzipped/animals/0476/1230.jpg,WCS Camera Traps : 75982c0e-92d5-11e9-98d5-000d3a74c7de,WCS Camera Traps : lao-001-d0062-2,WCS Camera Traps : 3472,1,tiger,11-04-2003 15:21:00,1,test2
https://storage.googleapis.com/public-datasets-lila/wcs-unzipped/animals/0476/1231.jpg,WCS Camera Traps : 75982c10-92d5-11e9-80e2-000d3a74c7de,WCS Camera Traps : lao-001-d0062-3,WCS Camera Traps : 3472,1,tiger,11-04-2003 15:23:00,1,test2
https://storage.googleapis.com/public-datasets-lila/wcs-unzipped/animals/0476/1236.jpg,WCS Camera Traps : 75987a8a-92d5-11e9-bace-000d3a74c7de,WCS Camera Traps : lao-001-d0063-2,WCS Camera Traps : 3472,1,tiger,11-04-2003 15:23:00,1,test2
https://storage.googleapis.com/public-datasets-lila/wcs-unzipped/animals/0476/1327.jpg,WCS Camera Traps : 759c9938-92d5-11e9-b352-000d3a74c7de,WCS Camera Traps : lao-001-d0078-2,WCS Camera Traps : 3480,1,tiger,11-18-2003 06:27:00,1,test2
https://storage.googleapis.com/public-datasets-lila/wcs-unzipped/animals/0476/1341.jpg,WCS Camera Traps : 759d3569-92d5-11e9-a0ab-000d3a74c7de,WCS Camera Traps : lao-001-d0079-7,WCS Camera Traps : 3480,1,tiger,11-18-2003 06:27:00,1,test2
https://storage.googleapis.com/public-datasets-lila/wcs-unzipped/animals/0477/0117.jpg,WCS Camera Traps : 75c1d4a4-92d5-11e9-bd9d-000d3a74c7de,WCS Camera Traps : lao-001-d0260-7,WCS Camera Traps : 3572,1,tiger,12-03-2004 04:29:00,1,test2
https://storage.googleapis.com/public-datasets-lila/wcs-unzipped/animals/0477/0165.jpg,WCS Camera Traps : 75c3d086-92d5-11e9-8e63-000d3a74c7de,WCS Camera Traps : lao-001-d0266-7,WCS Camera Traps : 3576,1,tiger,11-28-2004 08:50:00,1,test2
https://storage.googleapis.com/public-datasets-lila/wcs-unzipped/animals/0477/0188.jpg,WCS Camera Traps : 75c4e1df-92d5-11e9-a707-000d3a74c7de,WCS Camera Traps : lao-001-d0269-6,WCS Camera Traps : 3577,1,tiger,11-06-2004 05:30:00,1,test2
https://storage.googleapis.com/public-datasets-lila/wcs-unzipped/animals/0477/0189.jpg,WCS Camera Traps : 75c4e1e1-92d5-11e9-bb5b-000d3a74c7de,WCS Camera Traps : lao-001-d0269-6,WCS Camera Traps : 3577,2,tiger,11-06-2004 05:31:00,1,test2
https://storage.googleapis.com/public-datasets-lila/wcs-unzipped/animals/0477/0245.jpg,WCS Camera Traps : 75c779ae-92d5-11e9-a782-000d3a74c7de,WCS Camera Traps : lao-001-d0277-6,WCS Camera Traps : 3582,1,tiger,11-26-2004 04:29:00,1,test2
https://storage.googleapis.com/public-datasets-lila/wcs-unzipped/animals/0477/0246.jpg,WCS Camera Traps : 75c779b0-92d5-11e9-b929-000d3a74c7de,WCS Camera Traps : lao-001-d0277-7,WCS Camera Traps : 3582,1,tiger,11-27-2004 19:36:00,1,test2
https://storage.googleapis.com/public-datasets-lila/wcs-unzipped/animals/0477/0247.jpg,WCS Camera Traps : 75c779b2-92d5-11e9-ba83-000d3a74c7de,WCS Camera Traps : lao-001-d0277-7,WCS Camera Traps : 3582,2,tiger,11-27-2004 19:36:00,1,test2
https://storage.googleapis.com/public-datasets-lila/wcs-unzipped/animals/0477/0273.jpg,WCS Camera Traps : 75c8b263-92d5-11e9-aeb0-000d3a74c7de,WCS Camera Traps : lao-001-d0282-7,WCS Camera Traps : 3582,1,tiger,11-27-2004 19:36:00,1,test2
https://storage.googleapis.com/public-datasets-lila/wcs-unzipped/animals/0477/0274.jpg,WCS Camera Traps : 75c8b265-92d5-11e9-a3bb-000d3a74c7de,WCS Camera Traps : lao-001-d0282-7,WCS Camera Traps : 3582,2,tiger,11-27-2004 19:36:00,1,test2
https://storage.googleapis.com/public-datasets-lila/wcs-unzipped/animals/0477/0275.jpg,WCS Camera Traps : 75c8b267-92d5-11e9-a5b1-000d3a74c7de,WCS Camera Traps : lao-001-d0282-7,WCS Camera Traps : 3582,3,tiger,11-27-2004 19:37:00,1,test2
https://storage.googleapis.com/public-datasets-lila/wcs-unzipped/animals/0479/0376.jpg,WCS Camera Traps : 76880bd4-92d5-11e9-a42e-000d3a74c7de,WCS Camera Traps : lao-005-d0006-11,WCS Camera Traps : 3807,1,tiger,03-17-2012 00:28:00,1,test2
https://storage.googleapis.com/public-datasets-lila/wcs-unzipped/animals/0479/1697.jpg,WCS Camera Traps : 76c5d758-92d5-11e9-876a-000d3a74c7de,WCS Camera Traps : lao-005-d0113-6,WCS Camera Traps : 3855,1,tiger,03-21-2012 07:46:00,1,test2
